size,price,product_id
3-4 Yrs,£7.50,0
4-5 Yrs,£7.50,0
5-6 Yrs,£7.50,0
6-7 Yrs,£10,0
7-8 Yrs,£10,0
8-9 Yrs,£10,0
9-10 Yrs,£10,0
10-11 Yrs,£10,0
11-12 Yrs,£10,0
12-13 Yrs,£10,0
13-14 Yrs,£10,0
14-15 Yrs,£15,0
15-16 Yrs,£15,0
3-4 Yrs,£7,1
4-5 Yrs,£7,1
5-6 Yrs,£7,1
6-7 Yrs,£9,1
7-8 Yrs,£9,1
8-9 Yrs,£9,1
9-10 Yrs,£9,1
10-11 Yrs,£11,1
11-12 Yrs,£11,1
12-13 Yrs,£11,1
13-14 Yrs,£11,1
3-4 Yrs,£3,2
4-5 Yrs,£3,2
5-6 Yrs,£3,2
6-7 Yrs,£4,2
7-8 Yrs,£4,2
8-9 Yrs,£4,2
9-10 Yrs,£4,2
10-11 Yrs,£5,2
11-12 Yrs,£5,2
12-13 Yrs,£5,2
13-14 Yrs,£5,2
14-15 Yrs,£5,2
15-16 Yrs,£5,2
5-6 Yrs,£8.50,3
6-7 Yrs,£11,3
7-8 Yrs,£11,3
8-9 Yrs,£11,3
9-10 Yrs,£11,3
10-11 Yrs,£13.50,3
11-12 Yrs,£13.50,3
12-13 Yrs,£13.50,3
13-14 Yrs,£13.50,3
14-15 Yrs,£16,3
15-16 Yrs,£16,3
16-17 Yrs,£16,3
17-18 Yrs,£16,3
3-4 Yrs,£5,4
4-5 Yrs,£5,4
5-6 Yrs,£5,4
6-7 Yrs,£7,4
7-8 Yrs,£7,4
8-9 Yrs,£7,4
9-10 Yrs,£7,4
10-11 Yrs,£9,4
11-12 Yrs,£9,4
12-13 Yrs,£9,4
13-14 Yrs,£9,4
14-15 Yrs,£9,4
15-16 Yrs,£9,4
5-6 Yrs,£3.50,5
6-7 Yrs,£4.50,5
7-8 Yrs,£4.50,5
8-9 Yrs,£4.50,5
9-10 Yrs,£4.50,5
10-11 Yrs,£5.50,5
11-12 Yrs,£5.50,5
12-13 Yrs,£5.50,5
13-14 Yrs,£5.50,5
14-15 Yrs,£6.50,5
15-16 Yrs,£6.50,5
16-17 Yrs,£6.50,5
17-18 Yrs,£6.50,5
3-4 Yrs,£2,6
4-5 Yrs,£2,6
5-6 Yrs,£2,6
6-7 Yrs,£3,6
7-8 Yrs,£3,6
8-9 Yrs,£3,6
9-10 Yrs,£3,6
10-11 Yrs,£3,6
11-12 Yrs,£3,6
12-13 Yrs,£3,6
13-14 Yrs,£4,6
14-15 Yrs,£5,6
15-16 Yrs,£5,6
3-4 Yrs,£8,7
4-5 Yrs,£8,7
5-6 Yrs,£8,7
6-7 Yrs,£10,7
7-8 Yrs,£10,7
8-9 Yrs,£10,7
9-10 Yrs,£10,7
10-11 Yrs,£12,7
11-12 Yrs,£12,7
12-13 Yrs,£12,7
13-14 Yrs,£12,7
14-15 Yrs,£14,7
15-16 Yrs,£14,7
16-17 Yrs,£14,7
17-18 Yrs,£14,7
3-4 Yrs,£4,8
4-5 Yrs,£4,8
5-6 Yrs,£4,8
6-7 Yrs,£5,8
7-8 Yrs,£5,8
8-9 Yrs,£5,8
9-10 Yrs,£5,8
10-11 Yrs,£6,8
11-12 Yrs,£6,8
12-13 Yrs,£6,8
13-14 Yrs,£6,8
14-15 Yrs,£7,8
15-16 Yrs,£7,8
UK6-8.5 EU23-26.5,£4,9
UK9-12 EU27-30,£4,9
UK12.5-3 EU31-36,£4,9
UK4-6.5 EU37-40,£4,9
5-6 Yrs,£3.50,10
6-7 Yrs,£4.50,10
7-8 Yrs,£4.50,10
8-9 Yrs,£4.50,10
9-10 Yrs,£4.50,10
10-11 Yrs,£5.50,10
11-12 Yrs,£5.50,10
12-13 Yrs,£5.50,10
13-14 Yrs,£5.50,10
14-15 Yrs,£6.50,10
15-16 Yrs,£6.50,10
16-17 Yrs,£6.50,10
17-18 Yrs,£6.50,10
3-4 Yrs,£7.50,11
4-5 Yrs,£7.50,11
5-6 Yrs,£7.50,11
6-7 Yrs,£10,11
7-8 Yrs,£10,11
8-9 Yrs,£10,11
9-10 Yrs,£10,11
10-11 Yrs,£12.50,11
11-12 Yrs,£12.50,11
12-13 Yrs,£12.50,11
13-14 Yrs,£12.50,11
14-15 Yrs,£12.50,11
15-16 Yrs,£12.50,11
3-4 Yrs,£8,12
4-5 Yrs,£8,12
5-6 Yrs,£8,12
6-7 Yrs,£10,12
7-8 Yrs,£10,12
8-9 Yrs,£10,12
9-10 Yrs,£10,12
10-11 Yrs,£12,12
11-12 Yrs,£12,12
12-13 Yrs,£12,12
13-14 Yrs,£12,12
14-15 Yrs,£12,12
15-16 Yrs,£12,12
3-4 Yrs,£5,13
4-5 Yrs,£5,13
5-6 Yrs,£5,13
6-7 Yrs,£7,13
7-8 Yrs,£7,13
8-9 Yrs,£7,13
9-10 Yrs,£7,13
10-11 Yrs,£7,13
11-12 Yrs,£7,13
12-13 Yrs,£9,13
13-14 Yrs,£9,13
14-15 Yrs,£11,13
15-16 Yrs,£11,13
2-3 Yrs,£5,14
3-4 Yrs,£5,14
4-5 Yrs,£5,14
5-6 Yrs,£5,14
6-7 Yrs,£7,14
7-8 Yrs,£7,14
8-9 Yrs,£7,14
9-10 Yrs,£7,14
10-11 Yrs,£9,14
11-12 Yrs,£9,14
12-13 Yrs,£9,14
13-14 Yrs,£9,14
14-15 Yrs,£9,14
15-16 Yrs,£9,14
2-3 Yrs,£7,15
3-4 Yrs,£7,15
4-5 Yrs,£7,15
5-6 Yrs,£7,15
6-7 Yrs,£9,15
7-8 Yrs,£9,15
8-9 Yrs,£9,15
9-10 Yrs,£9,15
10-11 Yrs,£9,15
11-12 Yrs,£11,15
12-13 Yrs,£11,15
13-14 Yrs,£11,15
14-15 Yrs,£11,15
15-16 Yrs,£11,15
3-4 Yrs,£12.50,16
4-5 Yrs,£12.50,16
5-6 Yrs,£12.50,16
6-7 Yrs,£17.50,16
7-8 Yrs,£17.50,16
8-9 Yrs,£17.50,16
9-10 Yrs,£17.50,16
10-11 Yrs,£22.50,16
11-12 Yrs,£22.50,16
12-13 Yrs,£22.50,16
13-14 Yrs,£22.50,16
3-4 Yrs,£10,17
4-5 Yrs,£10,17
5-6 Yrs,£10,17
6-7 Yrs,£10,17
7-8 Yrs,£10,17
8-9 Yrs,£10,17
9-10 Yrs,£10,17
10-11 Yrs,£10,17
11-12 Yrs,£10,17
12-13 Yrs,£10,17
13-14 Yrs,£10,17
3-4 Yrs,£26,18
4-5 Yrs,£26,18
5-6 Yrs,£26,18
6-7 Yrs,£28,18
7-8 Yrs,£28,18
8-9 Yrs,£28,18
9-10 Yrs,£28,18
10-11 Yrs,£30,18
11-12 Yrs,£30,18
12-13 Yrs,£30,18
13-14 Yrs,£30,18
14-15 Yrs,£32,18
15-16 Yrs,£32,18
3-4 Yrs,£26,19
4-5 Yrs,£26,19
5-6 Yrs,£26,19
6-7 Yrs,£28,19
7-8 Yrs,£28,19
8-9 Yrs,£28,19
9-10 Yrs,£28,19
10-11 Yrs,£30,19
11-12 Yrs,£30,19
12-13 Yrs,£30,19
13-14 Yrs,£30,19
14-15 Yrs,£32,19
15-16 Yrs,£32,19
S,£30,20
M,£32,20
L,£32,20
XL,£34,20
XXL,£34,20
3-4 Yrs,£10,21
4-5 Yrs,£10,21
5-6 Yrs,£10,21
6-7 Yrs,£12,21
7-8 Yrs,£12,21
8-9 Yrs,£12,21
9-10 Yrs,£12,21
10-11 Yrs,£14,21
11-12 Yrs,£14,21
12-13 Yrs,£14,21
13-14 Yrs,£14,21
14-15 Yrs,£16,21
15-16 Yrs,£16,21
3-4 Yrs,£10,22
4-5 Yrs,£10,22
5-6 Yrs,£10,22
6-7 Yrs,£12,22
7-8 Yrs,£12,22
8-9 Yrs,£12,22
9-10 Yrs,£12,22
10-11 Yrs,£14,22
11-12 Yrs,£14,22
12-13 Yrs,£14,22
13-14 Yrs,£14,22
14-15 Yrs,£16,22
15-16 Yrs,£16,22
3-4 Yrs,£22,23
4-5 Yrs,£22,23
5-6 Yrs,£22,23
6-7 Yrs,£24,23
7-8 Yrs,£24,23
8-9 Yrs,£24,23
9-10 Yrs,£24,23
10-11 Yrs,£26,23
11-12 Yrs,£26,23
12-13 Yrs,£26,23
13-14 Yrs,£26,23
14-15 Yrs,£28,23
15-16 Yrs,£28,23
3-4 Yrs,£22,24
4-5 Yrs,£22,24
5-6 Yrs,£22,24
6-7 Yrs,£24,24
7-8 Yrs,£24,24
8-9 Yrs,£24,24
9-10 Yrs,£24,24
10-11 Yrs,£26,24
11-12 Yrs,£26,24
12-13 Yrs,£26,24
13-14 Yrs,£26,24
14-15 Yrs,£28,24
15-16 Yrs,£28,24
3-4 Yrs,£16,25
4-5 Yrs,£16,25
5-6 Yrs,£16,25
6-7 Yrs,£18,25
7-8 Yrs,£18,25
8-9 Yrs,£18,25
9-10 Yrs,£18,25
10-11 Yrs,£20,25
11-12 Yrs,£20,25
12-13 Yrs,£20,25
13-14 Yrs,£20,25
14-15 Yrs,£22,25
15-16 Yrs,£22,25
3-4 Yrs,£16,26
4-5 Yrs,£16,26
5-6 Yrs,£16,26
6-7 Yrs,£18,26
7-8 Yrs,£18,26
8-9 Yrs,£18,26
9-10 Yrs,£18,26
10-11 Yrs,£20,26
11-12 Yrs,£20,26
12-13 Yrs,£20,26
13-14 Yrs,£20,26
3-4 Yrs,£26,27
4-5 Yrs,£26,27
5-6 Yrs,£26,27
6-7 Yrs,£28,27
7-8 Yrs,£28,27
8-9 Yrs,£28,27
9-10 Yrs,£28,27
10-11 Yrs,£30,27
11-12 Yrs,£30,27
12-13 Yrs,£30,27
13-14 Yrs,£30,27
14-15 Yrs,£32,27
15-16 Yrs,£32,27
3-4 Yrs,£26,28
4-5 Yrs,£26,28
5-6 Yrs,£26,28
6-7 Yrs,£28,28
7-8 Yrs,£28,28
8-9 Yrs,£28,28
9-10 Yrs,£28,28
10-11 Yrs,£30,28
11-12 Yrs,£30,28
12-13 Yrs,£30,28
13-14 Yrs,£30,28
14-15 Yrs,£32,28
15-16 Yrs,£32,28
3-4 Yrs,£16,29
4-5 Yrs,£16,29
5-6 Yrs,£16,29
6-7 Yrs,£18,29
7-8 Yrs,£18,29
8-9 Yrs,£18,29
9-10 Yrs,£18,29
10-11 Yrs,£20,29
11-12 Yrs,£20,29
12-13 Yrs,£20,29
13-14 Yrs,£20,29
14-15 Yrs,£22,29
15-16 Yrs,£22,29
5-6 Yrs,£9,30
6-7 Yrs,£9,30
7-8 Yrs,£9,30
8-9 Yrs,£9,30
9-10 Yrs,£9,30
10-11 Yrs,£9,30
11-12 Yrs,£9,30
12-13 Yrs,£9,30
14-15 Yrs,£9,30
15-16 Yrs,£9,30
5-6 Yrs,£9,31
6-7 Yrs,£9,31
7-8 Yrs,£9,31
8-9 Yrs,£9,31
9-10 Yrs,£9,31
10-11 Yrs,£9,31
11-12 Yrs,£9,31
12-13 Yrs,£9,31
13-14 Yrs,£9,31
14-15 Yrs,£9,31
15-16 Yrs,£9,31
1.5-2 Yrs,£5,32
2-3 Yrs,£5,32
3-4 Yrs,£5,32
4-5 Yrs,£5,32
5-6 Yrs,£5,32
6-7 Yrs,£5,32
10-11 Yrs,£5,33
11-12 Yrs,£5,33
12-13 Yrs,£5,33
13-14 Yrs,£5,33
14-15 Yrs,£6,33
15-16 Yrs,£6,33
16-17 Yrs,£6,33
17-18 Yrs,£6,33
10-11 Yrs,£5,34
11-12 Yrs,£5,34
12-13 Yrs,£5,34
13-14 Yrs,£5,34
14-15 Yrs,£5,34
15-16 Yrs,£6,34
16-17 Yrs,£6,34
17-18 Yrs,£6,34
UK13 EU32,£20,35
UK1 EU33,£20,35
UK2 EU34,£20,35
UK3 EU36,£21,35
UK4 EU37,£21,35
UK5 EU38,£21,35
UK6 EU39,£21,35
UK7 EU41,£21,35
UK8 EU42,£21,35
UK8 EU26,£18,36
UK9 EU27,£18,36
UK10 EU28,£18,36
UK11 EU29,£18,36
UK12 EU31,£19,36
UK13 EU32,£19,36
UK1 EU33,£19,36
UK2 EU34,£19,36
3-4 Yrs,£18,37
4-5 Yrs,£18,37
5-6 Yrs,£18,37
6-7 Yrs,£18,37
7-8 Yrs,£20,37
8-9 Yrs,£20,37
9-10 Yrs,£20,37
10-11 Yrs,£20,37
11-12 Yrs,£20,37
12-13 Yrs,£22,37
13-14 Yrs,£22,37
14-15 Yrs,£24,37
15-16 Yrs,£24,37
3-4 Yrs,£18,38
4-5 Yrs,£18,38
5-6 Yrs,£18,38
6-7 Yrs,£20,38
7-8 Yrs,£20,38
8-9 Yrs,£20,38
9-10 Yrs,£20,38
10-11 Yrs,£22,38
11-12 Yrs,£22,38
12-13 Yrs,£22,38
13-14 Yrs,£22,38
14-15 Yrs,£24,38
15-16 Yrs,£24,38
UK8 EU26,£4.50,39
UK9 EU27,£4.50,39
UK10 EU28,£4.50,39
UK11 EU29,£4.50,39
UK12 EU31,£4.50,39
UK13 EU32,£4.50,39
UK1 EU33,£4.50,39
UK2 EU34,£4.50,39
UK3 EU36,£4.50,39
UK4 EU37,£4.50,39
4-5 Yrs,£9,40
5-6 Yrs,£9,40
6-7 Yrs,£9,40
7-8 Yrs,£9,40
8-9 Yrs,£9,40
9-10 Yrs,£9,40
10-11 Yrs,£9,40
11-12 Yrs,£9,40
12-13 Yrs,£9,40
13-14 Yrs,£9,40
14-15 Yrs,£9,40
15-16 Yrs,£9,40
5-6 Yrs,£9,41
6-7 Yrs,£9,41
7-8 Yrs,£9,41
8-9 Yrs,£9,41
9-10 Yrs,£9,41
10-11 Yrs,£9,41
11-12 Yrs,£9,41
12-13 Yrs,£9,41
13-14 Yrs,£9,41
14-15 Yrs,£9,41
15-16 Yrs,£9,41
5-6 Yrs,£9,42
6-7 Yrs,£9,42
7-8 Yrs,£9,42
8-9 Yrs,£9,42
9-10 Yrs,£9,42
10-11 Yrs,£9,42
11-12 Yrs,£9,42
12-13 Yrs,£9,42
13-14 Yrs,£9,42
14-15 Yrs,£9,42
15-16 Yrs,£9,42
4-5 Yrs,£9,43
5-6 Yrs,£9,43
6-7 Yrs,£9,43
7-8 Yrs,£9,43
8-9 Yrs,£9,43
9-10 Yrs,£9,43
10-11 Yrs,£9,43
11-12 Yrs,£9,43
12-13 Yrs,£9,43
13-14 Yrs,£9,43
14-15 Yrs,£9,43
15-16 Yrs,£9,43
2-3 Yrs,£9,44
3-4 Yrs,£9,44
4-5 Yrs,£9,44
5-6 Yrs,£9,44
6-7 Yrs,£9,44
7-8 Yrs,£9,44
8-9 Yrs,£9,44
9-10 Yrs,£9,44
3-4 Yrs,£9,45
4-5 Yrs,£9,45
5-6 Yrs,£9,45
6-7 Yrs,£9,45
7-8 Yrs,£9,45
8-9 Yrs,£9,45
9-10 Yrs,£9,45
10-11 Yrs,£9,45
11-12 Yrs,£9,45
12-13 Yrs,£9,45
13-14 Yrs,£9,45
14-15 Yrs,£9,45
15-16 Yrs,£9,45
UK10 EU28,£20,46
UK11 EU29,£20,46
UK12 EU31,£20,46
UK13 EU32,£20,46
UK1 EU33,£20,46
UK2 EU34,£20,46
UK3 EU36,£20,46
UK4 EU37,£20,46
UK8 EU26,£14,47
UK9 EU27,£14,47
UK10 EU28,£14,47
UK11 EU29,£14,47
UK12 EU31,£14,47
UK13 EU32,£15,47
UK1 EU33,£15,47
UK2 EU34,£15,47
2-3 Yrs,£6,48
3-4 Yrs,£6,48
4-5 Yrs,£6,48
5-6 Yrs,£6,48
6-7 Yrs,£6,48
7-8 Yrs,£6,48
8-9 Yrs,£6,48
9-10 Yrs,£6,48
10-11 Yrs,£6,48
11-12 Yrs,£6,48
12-13 Yrs,£6,48
13-14 Yrs,£6,48
3-4 Yrs,£18,49
4-5 Yrs,£18,49
5-6 Yrs,£18,49
6-7 Yrs,£20,49
7-8 Yrs,£20,49
8-9 Yrs,£20,49
9-10 Yrs,£20,49
10-11 Yrs,£22,49
11-12 Yrs,£22,49
12-13 Yrs,£22,49
13-14 Yrs,£22,49
14-15 Yrs,£24,49
15-16 Yrs,£24,49
3-4 Yrs,£16,50
4-5 Yrs,£16,50
5-6 Yrs,£16,50
6-7 Yrs,£18,50
7-8 Yrs,£18,50
8-9 Yrs,£18,50
9-10 Yrs,£18,50
10-11 Yrs,£20,50
11-12 Yrs,£20,50
12-13 Yrs,£20,50
13-14 Yrs,£20,50
14-15 Yrs,£22,50
15-16 Yrs,£22,50
3-4 Yrs,£18,51
4-5 Yrs,£18,51
5-6 Yrs,£18,51
6-7 Yrs,£20,51
7-8 Yrs,£20,51
8-9 Yrs,£20,51
9-10 Yrs,£20,51
10-11 Yrs,£22,51
11-12 Yrs,£22,51
12-13 Yrs,£22,51
13-14 Yrs,£22,51
14-15 Yrs,£24,51
15-16 Yrs,£24,51
3-4 Yrs,£14,52
4-5 Yrs,£14,52
5-6 Yrs,£14,52
6-7 Yrs,£16,52
7-8 Yrs,£16,52
8-9 Yrs,£16,52
9-10 Yrs,£16,52
10-11 Yrs,£18,52
11-12 Yrs,£18,52
12-13 Yrs,£18,52
13-14 Yrs,£18,52
14-15 Yrs,£20,52
15-16 Yrs,£20,52
3-4 Yrs,£16,53
4-5 Yrs,£16,53
5-6 Yrs,£16,53
6-7 Yrs,£16,53
7-8 Yrs,£16,53
8-9 Yrs,£16,53
9-10 Yrs,£18,53
10-11 Yrs,£18,53
11-12 Yrs,£18,53
12-13 Yrs,£20,53
13-14 Yrs,£20,53
14-15 Yrs,£20,53
15-16 Yrs,£20,53
3-4 Yrs,£14,54
4-5 Yrs,£14,54
5-6 Yrs,£14,54
6-7 Yrs,£16,54
7-8 Yrs,£16,54
8-9 Yrs,£16,54
9-10 Yrs,£16,54
10-11 Yrs,£18,54
11-12 Yrs,£18,54
12-13 Yrs,£18,54
13-14 Yrs,£18,54
14-15 Yrs,£20,54
15-16 Yrs,£20,54
UK8 EU26,£16,55
UK9 EU27,£16,55
UK10 EU28,£16,55
UK11 EU29,£16,55
UK12 EU31,£17,55
UK13 EU32,£17,55
UK1 EU33,£17,55
UK2 EU34,£17,55
UK8 EU26,£18,56
UK9 EU27,£18,56
UK10 EU28,£18,56
UK11 EU29,£18,56
UK12 EU31,£19,56
UK13 EU32,£19,56
UK1 EU33,£19,56
UK2 EU34,£19,56
4-5 Yrs,£8,57
5-6 Yrs,£8,57
6-7 Yrs,£8,57
7-8 Yrs,£8,57
8-9 Yrs,£8,57
9-10 Yrs,£8,57
10-11 Yrs,£8,57
11-12 Yrs,£8,57
12-13 Yrs,£8,57
13-14 Yrs,£8,57
UK10 EU28,£18,58
UK11 EU29,£18,58
UK12 EU31,£19,58
UK13 EU32,£19,58
UK1 EU33,£19,58
UK2 EU34,£19,58
UK3 EU36,£20,58
UK4 EU37,£20,58
UK8 EU26,£16,59
UK9 EU27,£16,59
UK10 EU28,£16,59
UK11 EU29,£16,59
UK12 EU31,£17,59
UK13 EU32,£17,59
UK1 EU33,£17,59
UK2 EU34,£17,59
UK13 EU32,£19,60
UK1 EU33,£19,60
UK2 EU34,£19,60
UK3 EU36,£20,60
UK4 EU37,£20,60
UK5 EU38,£20,60
UK6 EU39,£20,60
UK8 EU26,£18,61
UK9 EU27,£18,61
UK10 EU28,£18,61
UK11 EU29,£18,61
UK12 EU31,£19,61
UK13 EU32,£19,61
UK1 EU33,£19,61
UK2 EU34,£19,61
3-4 Yrs,£14,62
4-5 Yrs,£14,62
5-6 Yrs,£14,62
6-7 Yrs,£16,62
7-8 Yrs,£16,62
8-9 Yrs,£16,62
9-10 Yrs,£16,62
10-11 Yrs,£18,62
11-12 Yrs,£18,62
12-13 Yrs,£18,62
13-14 Yrs,£18,62
14-15 Yrs,£20,62
15-16 Yrs,£20,62
UK8 EU26,£15,63
UK9 EU27,£15,63
UK10 EU28,£15,63
UK11 EU29,£15,63
UK12 EU31,£16,63
UK13 EU32,£16,63
UK1 EU33,£16,63
UK2 EU34,£16,63
UK8 EU26,£15,64
UK9 EU27,£15,64
UK10 EU28,£15,64
UK11 EU29,£15,64
UK12 EU31,£16,64
UK13 EU32,£16,64
UK1 EU33,£16,64
UK2 EU34,£16,64
UK10 EU28,£17,65
UK11 EU29,£17,65
UK12 EU31,£18,65
UK13 EU32,£18,65
UK1 EU33,£18,65
UK2 EU34,£18,65
UK3 EU36,£19,65
UK4 EU37,£19,65
UK5 EU38,£19,65
UK6 EU39,£19,65
UK7 EU41,£19,65
UK8 EU42,£19,65
3-4 Yrs,£10,66
4-5 Yrs,£10,66
5-6 Yrs,£10,66
6-7 Yrs,£12,66
7-8 Yrs,£12,66
8-9 Yrs,£12,66
9-10 Yrs,£12,66
10-11 Yrs,£14,66
11-12 Yrs,£14,66
12-13 Yrs,£14,66
13-14 Yrs,£14,66
14-15 Yrs,£16,66
15-16 Yrs,£16,66
3-4 Yrs,£22,67
4-5 Yrs,£22,67
5-6 Yrs,£22,67
6-7 Yrs,£22,67
7-8 Yrs,£22,67
8-9 Yrs,£22,67
9-10 Yrs,£22,67
10-11 Yrs,£22,67
11-12 Yrs,£22,67
12-13 Yrs,£22,67
13-14 Yrs,£22,67
14-15 Yrs,£22,67
15-16 Yrs,£22,67
UK6-8.5 EU23-26.5,£5,68
UK9-12 EU27-30,£5,68
UK12.5-3 EU31-36,£5,68
UK4-6.5 EU37-40,£5,68
4-5 Yrs,£9,69
5-6 Yrs,£9,69
6-7 Yrs,£9,69
7-8 Yrs,£9,69
8-9 Yrs,£9,69
9-10 Yrs,£9,69
10-11 Yrs,£9,69
11-12 Yrs,£9,69
12-13 Yrs,£9,69
13-14 Yrs,£9,69
14-15 Yrs,£9,69
15-16 Yrs,£9,69
1.5-2 Yrs,£12,70
2-3 Yrs,£12,70
3-4 Yrs,£14,70
4-5 Yrs,£14,70
5-6 Yrs,£14,70
6-7 Yrs,£16,70
7-8 Yrs,£16,70
8-9 Yrs,£16,70
9-10 Yrs,£16,70
3-4 Yrs,£6,71
5-6 Yrs,£6,71
7-8 Yrs,£7,71
9-10 Yrs,£7,71
11-12 Yrs,£8,71
3-4 Yrs,£6,72
5-6 Yrs,£6,72
7-8 Yrs,£7,72
9-10 Yrs,£7,72
11-12 Yrs,£8,72
3-4 Yrs,£30,73
4-5 Yrs,£30,73
5-6 Yrs,£30,73
6-7 Yrs,£30,73
7-8 Yrs,£30,73
8-9 Yrs,£30,73
9-10 Yrs,£30,73
10-11 Yrs,£30,73
11-12 Yrs,£30,73
12-13 Yrs,£30,73
13-14 Yrs,£30,73
14-15 Yrs,£35,73
15-16 Yrs,£35,73
16-17 Yrs,£35,73
17-18 Yrs,£35,73
1-1.5 Yrs,£2,74
1.5-2 Yrs,£2,74
2-3 Yrs,£2,74
3-4 Yrs,£2,74
4-5 Yrs,£2,74
5-6 Yrs,£2,74
6-7 Yrs,£2,74
7-8 Yrs,£2,74
8-9 Yrs,£2,74
9-10 Yrs,£2,74
10-11 Yrs,£2,74
11-12 Yrs,£2,74
12-13 Yrs,£2,74
13-14 Yrs,£2,74
2-3 Yrs,£9,75
3-4 Yrs,£9,75
4-5 Yrs,£9,75
5-6 Yrs,£9,75
6-7 Yrs,£9,75
7-8 Yrs,£9,75
8-9 Yrs,£9,75
9-10 Yrs,£9,75
1.5-2 Yrs,£6,76
2-3 Yrs,£6,76
3-4 Yrs,£6,76
4-5 Yrs,£6,76
5-6 Yrs,£6,76
6-7 Yrs,£6,76
7-8 Yrs,£6,76
8-9 Yrs,£6,76
9-10 Yrs,£6,76
3-4 Yrs,£6,77
4-5 Yrs,£6,77
5-6 Yrs,£6,77
6-7 Yrs,£6,77
7-8 Yrs,£6,77
8-9 Yrs,£6,77
9-10 Yrs,£6,77
10-11 Yrs,£6,77
11-12 Yrs,£6,77
12-13 Yrs,£8,77
13-14 Yrs,£8,77
3-4 Yrs,£6,78
4-5 Yrs,£6,78
5-6 Yrs,£6,78
6-7 Yrs,£6,78
7-8 Yrs,£6,78
8-9 Yrs,£6,78
9-10 Yrs,£6,78
10-11 Yrs,£6,78
11-12 Yrs,£6,78
12-13 Yrs,£6,78
13-14 Yrs,£6,78
3-4 Yrs,£4,79
5-6 Yrs,£4,79
7-8 Yrs,£5,79
9-10 Yrs,£5,79
11-12 Yrs,£6,79
3-4 Yrs,£4,80
5-6 Yrs,£4,80
7-8 Yrs,£5,80
9-10 Yrs,£5,80
11-12 Yrs,£6,80
1.5-2 Yrs,£6,81
2-3 Yrs,£6,81
3-4 Yrs,£6,81
4-5 Yrs,£6,81
5-6 Yrs,£6,81
6-7 Yrs,£6,81
7-8 Yrs,£6,81
8-9 Yrs,£6,81
9-10 Yrs,£6,81
3-4 Yrs,£3,82
4-5 Yrs,£3,82
5-6 Yrs,£3,82
6-7 Yrs,£3,82
7-8 Yrs,£3,82
8-9 Yrs,£3,82
9-10 Yrs,£3,82
10-11 Yrs,£3,82
11-12 Yrs,£3,82
12-13 Yrs,£3,82
13-14 Yrs,£3,82
10-11 Yrs,£12,83
11-12 Yrs,£12,83
12-13 Yrs,£12,83
13-14 Yrs,£12,83
14-15 Yrs,£14,83
15-16 Yrs,£14,83
16-17 Yrs,£14,83
17-18 Yrs,£14,83
UK8 EU26,£10,84
UK9 EU27,£10,84
UK10 EU28,£10,84
UK11 EU29,£10,84
UK12 EU31,£11,84
3-4 Yrs,£8,85
4-5 Yrs,£8,85
5-6 Yrs,£8,85
6-7 Yrs,£8,85
7-8 Yrs,£8,85
8-9 Yrs,£8,85
9-10 Yrs,£8,85
10-11 Yrs,£8,85
11-12 Yrs,£8,85
12-13 Yrs,£8,85
13-14 Yrs,£8,85
UK8 EU26,£18,86
UK9 EU27,£18,86
UK10 EU28,£18,86
UK11 EU29,£18,86
UK12 EU31,£19,86
UK13 EU32,£19,86
UK1 EU33,£19,86
UK2 EU34,£19,86
UK8 EU26,£18,87
UK9 EU27,£18,87
UK10 EU28,£18,87
UK11 EU29,£18,87
UK12 EU31,£19,87
UK13 EU32,£19,87
UK1 EU33,£19,87
UK2 EU34,£19,87
UK8 EU26,£18,88
UK9 EU27,£18,88
UK10 EU28,£18,88
UK11 EU29,£18,88
UK12 EU31,£19,88
UK13 EU32,£19,88
UK1 EU33,£19,88
UK2 EU34,£19,88
UK3 EU36,£20,88
UK4 EU37,£20,88
UK5 EU38,£20,88
UK6 EU39,£20,88
UK7 EU41,£20,88
UK8 EU42,£20,88
UK8 EU26,£18,89
UK9 EU27,£18,89
UK10 EU28,£18,89
UK11 EU29,£18,89
UK12 EU31,£19,89
UK13 EU32,£19,89
UK1 EU33,£19,89
UK2 EU34,£19,89
UK3 EU36,£20,89
UK4 EU37,£20,89
UK5 EU38,£20,89
UK6 EU39,£20,89
UK7 EU41,£20,89
UK8 EU42,£20,89
UK13 EU32,£20,90
UK1 EU33,£20,90
UK2 EU34,£20,90
UK3 EU36,£21,90
UK4 EU37,£21,90
UK5 EU38,£21,90
UK6 EU39,£21,90
UK7 EU41,£21,90
UK8 EU42,£21,90
UK8 EU26,£18,91
UK9 EU27,£18,91
UK10 EU28,£18,91
UK11 EU29,£18,91
UK12 EU31,£19,91
UK13 EU32,£19,91
UK1 EU33,£19,91
UK2 EU34,£19,91
6-8.5,£7,92
9-12,£7,92
UK13 EU32,£20,93
UK1 EU33,£20,93
UK2 EU34,£20,93
UK3 EU36,£21,93
UK4 EU37,£21,93
UK5 EU38,£21,93
UK6 EU39,£21,93
UK7 EU41,£21,93
UK8 EU42,£21,93
UK13 EU32,£20,94
UK1 EU33,£20,94
UK2 EU34,£20,94
UK3 EU36,£21,94
UK4 EU37,£21,94
UK5 EU38,£21,94
UK6 EU39,£21,94
UK7 EU41,£21,94
UK8 EU42,£21,94
UK8 EU26,£18,95
UK9 EU27,£18,95
UK10 EU28,£18,95
UK11 EU29,£18,95
UK12 EU31,£19,95
UK13 EU32,£19,95
UK1 EU33,£19,95
UK2 EU34,£19,95
UK3-5.5 EU19-22.5,£2,96
UK6-8.5 EU23-26.5,£2,96
UK9-12 EU27-30,£2,96
UK12.5-3 EU31-36,£2,96
UK4-6.5 EU37-40,£2,96
6-8.5,£7,97
9-12,£7,97
UK6-8.5 EU23-26.5,£5,98
UK9-12 EU27-30,£5,98
UK12.5-3 EU31-36,£5,98
UK4-6.5 EU37-40,£5,98
UK7-10 EU41-44,£5,98
6-8.5,£8,99
9-12,£8,99
UK8 EU26,£18.50,100
UK9 EU27,£18.50,100
UK10 EU28,£18.50,100
UK11 EU29,£18.50,100
UK12 EU31,£18.50,100
UK13 EU32,£18.50,100
UK1 EU33,£18.50,100
UK2 EU34,£18.50,100
3-4 Yrs,£12.50,101
4-5 Yrs,£12.50,101
5-6 Yrs,£12.50,101
6-7 Yrs,£17.50,101
7-8 Yrs,£17.50,101
8-9 Yrs,£17.50,101
9-10 Yrs,£17.50,101
10-11 Yrs,£17.50,101
11-12 Yrs,£17.50,101
12-13 Yrs,£17.50,101
13-14 Yrs,£17.50,101
3-4 Yrs,£12.50,102
4-5 Yrs,£12.50,102
5-6 Yrs,£12.50,102
6-7 Yrs,£12.50,102
7-8 Yrs,£12.50,102
8-9 Yrs,£12.50,102
9-10 Yrs,£12.50,102
10-11 Yrs,£12.50,102
11-12 Yrs,£12.50,102
12-13 Yrs,£12.50,102
13-14 Yrs,£12.50,102
3-4 Yrs,£12.50,103
4-5 Yrs,£12.50,103
5-6 Yrs,£12.50,103
6-7 Yrs,£17.50,103
7-8 Yrs,£17.50,103
8-9 Yrs,£17.50,103
9-10 Yrs,£17.50,103
10-11 Yrs,£22.50,103
11-12 Yrs,£22.50,103
12-13 Yrs,£22.50,103
13-14 Yrs,£22.50,103
10-11 Yrs,£9,104
11-12 Yrs,£9,104
12-13 Yrs,£9,104
13-14 Yrs,£9,104
14-15 Yrs,£11,104
15-16 Yrs,£11,104
16-17 Yrs,£11,104
17-18 Yrs,£11,104
1-1.5 Yrs,£5,105
1.5-2 Yrs,£5,105
2-3 Yrs,£5,105
3-4 Yrs,£5,105
4-5 Yrs,£5,105
5-6 Yrs,£5,105
6-7 Yrs,£5,105
7-8 Yrs,£7,105
8-9 Yrs,£7,105
9-10 Yrs,£7,105
10-11 Yrs,£8,105
11-12 Yrs,£8,105
12-13 Yrs,£8,105
13-14 Yrs,£8,105
14-15 Yrs,£8,105
15-16 Yrs,£8,105
6-8.5,£5,106
9-12,£5,106
6-8.5,£5,107
9-12,£5,107
UK13 EU32,£15,108
UK1 EU33,£15,108
UK2 EU34,£15,108
UK3 EU36,£15,108
UK4 EU37,£15,108
UK5 EU38,£15,108
UK6 EU39,£15,108
UK7 EU41,£15,108
UK8 EU42,£15,108
3-4 Yrs,£5,109
4-5 Yrs,£5,109
5-6 Yrs,£5,109
6-7 Yrs,£5,109
7-8 Yrs,£7,109
8-9 Yrs,£7,109
9-10 Yrs,£7,109
10-11 Yrs,£7,109
11-12 Yrs,£7,109
12-13 Yrs,£7,109
13-14 Yrs,£7,109
14-15 Yrs,£7,109
15-16 Yrs,£7,109
3-4 Yrs,£5,110
4-5 Yrs,£5,110
5-6 Yrs,£5,110
6-7 Yrs,£7,110
7-8 Yrs,£7,110
8-9 Yrs,£7,110
9-10 Yrs,£7,110
10-11 Yrs,£7,110
11-12 Yrs,£7,110
12-13 Yrs,£7,110
13-14 Yrs,£7,110
14-15 Yrs,£7,110
15-16 Yrs,£7,110
3-4 Yrs,£5,111
4-5 Yrs,£5,111
5-6 Yrs,£5,111
6-7 Yrs,£7,111
7-8 Yrs,£7,111
8-9 Yrs,£7,111
9-10 Yrs,£7,111
10-11 Yrs,£9,111
11-12 Yrs,£9,111
12-13 Yrs,£9,111
13-14 Yrs,£9,111
14-15 Yrs,£9,111
15-16 Yrs,£9,111
3-4 Yrs,£5,112
4-5 Yrs,£5,112
5-6 Yrs,£5,112
6-7 Yrs,£7,112
7-8 Yrs,£7,112
8-9 Yrs,£7,112
9-10 Yrs,£7,112
10-11 Yrs,£9,112
11-12 Yrs,£9,112
12-13 Yrs,£9,112
13-14 Yrs,£9,112
14-15 Yrs,£9,112
15-16 Yrs,£9,112
3-4 Yrs,£5,113
4-5 Yrs,£5,113
5-6 Yrs,£5,113
6-7 Yrs,£7,113
7-8 Yrs,£7,113
8-9 Yrs,£7,113
9-10 Yrs,£7,113
10-11 Yrs,£9,113
11-12 Yrs,£9,113
12-13 Yrs,£9,113
13-14 Yrs,£9,113
14-15 Yrs,£9,113
15-16 Yrs,£9,113
3-4 Yrs,£5,114
4-5 Yrs,£5,114
5-6 Yrs,£5,114
6-7 Yrs,£7,114
7-8 Yrs,£7,114
8-9 Yrs,£7,114
9-10 Yrs,£7,114
10-11 Yrs,£7,114
11-12 Yrs,£7,114
12-13 Yrs,£7,114
13-14 Yrs,£9,114
14-15 Yrs,£9,114
15-16 Yrs,£9,114
3-4 Yrs,£5,115
4-5 Yrs,£5,115
5-6 Yrs,£5,115
6-7 Yrs,£7,115
7-8 Yrs,£7,115
8-9 Yrs,£7,115
9-10 Yrs,£7,115
10-11 Yrs,£9,115
11-12 Yrs,£9,115
12-13 Yrs,£9,115
13-14 Yrs,£9,115
14-15 Yrs,£9,115
15-16 Yrs,£9,115
2-3 Yrs,£5,116
3-4 Yrs,£5,116
4-5 Yrs,£5,116
5-6 Yrs,£5,116
6-7 Yrs,£7,116
7-8 Yrs,£7,116
8-9 Yrs,£7,116
9-10 Yrs,£7,116
10-11 Yrs,£9,116
11-12 Yrs,£9,116
12-13 Yrs,£9,116
13-14 Yrs,£9,116
14-15 Yrs,£9,116
15-16 Yrs,£9,116
2-3 Yrs,£5,117
3-4 Yrs,£5,117
4-5 Yrs,£5,117
5-6 Yrs,£5,117
6-7 Yrs,£7,117
7-8 Yrs,£7,117
8-9 Yrs,£7,117
9-10 Yrs,£7,117
10-11 Yrs,£7,117
11-12 Yrs,£9,117
12-13 Yrs,£9,117
13-14 Yrs,£9,117
14-15 Yrs,£9,117
15-16 Yrs,£9,117
2-3 Yrs,£5,118
3-4 Yrs,£5,118
4-5 Yrs,£5,118
5-6 Yrs,£5,118
6-7 Yrs,£5,118
7-8 Yrs,£7,118
8-9 Yrs,£7,118
9-10 Yrs,£7,118
10-11 Yrs,£9,118
11-12 Yrs,£9,118
12-13 Yrs,£9,118
13-14 Yrs,£9,118
14-15 Yrs,£9,118
15-16 Yrs,£9,118
10-11 Yrs,£6.50,119
11-12 Yrs,£6.50,119
12-13 Yrs,£6.50,119
13-14 Yrs,£6.50,119
14-15 Yrs,£7.50,119
15-16 Yrs,£7.50,119
16-17 Yrs,£7.50,119
17-18 Yrs,£7.50,119
3-4 Yrs,£7,120
4-5 Yrs,£7,120
5-6 Yrs,£7,120
6-7 Yrs,£9,120
7-8 Yrs,£9,120
8-9 Yrs,£9,120
9-10 Yrs,£9,120
10-11 Yrs,£11,120
11-12 Yrs,£11,120
12-13 Yrs,£11,120
13-14 Yrs,£11,120
14-15 Yrs,£11,120
15-16 Yrs,£11,120
3-4 Yrs,£3.50,121
4-5 Yrs,£3.50,121
5-6 Yrs,£3.50,121
6-7 Yrs,£4.50,121
7-8 Yrs,£4.50,121
8-9 Yrs,£4.50,121
9-10 Yrs,£4.50,121
10-11 Yrs,£5.50,121
11-12 Yrs,£5.50,121
12-13 Yrs,£5.50,121
13-14 Yrs,£5.50,121
3-4 Yrs,£3.50,122
3-4 Yrs,£3.50,123
4-5 Yrs,£3.50,123
5-6 Yrs,£3.50,123
6-7 Yrs,£4.50,123
7-8 Yrs,£4.50,123
8-9 Yrs,£4.50,123
9-10 Yrs,£4.50,123
10-11 Yrs,£5.50,123
11-12 Yrs,£5.50,123
12-13 Yrs,£5.50,123
13-14 Yrs,£5.50,123
3-4 Yrs,£3.50,124
3-4 Yrs,£7,125
4-5 Yrs,£7,125
5-6 Yrs,£7,125
6-7 Yrs,£9,125
7-8 Yrs,£9,125
8-9 Yrs,£9,125
9-10 Yrs,£9,125
10-11 Yrs,£11,125
11-12 Yrs,£11,125
12-13 Yrs,£11,125
13-14 Yrs,£11,125
14-15 Yrs,£11,125
15-16 Yrs,£11,125
3-4 Yrs,£7,126
4-5 Yrs,£7,126
5-6 Yrs,£7,126
6-7 Yrs,£9,126
7-8 Yrs,£9,126
8-9 Yrs,£9,126
9-10 Yrs,£9,126
10-11 Yrs,£11,126
11-12 Yrs,£11,126
12-13 Yrs,£11,126
13-14 Yrs,£11,126
14-15 Yrs,£11,126
15-16 Yrs,£11,126
3-4 Yrs,£7,127
4-5 Yrs,£7,127
5-6 Yrs,£7,127
6-7 Yrs,£9,127
7-8 Yrs,£9,127
8-9 Yrs,£9,127
9-10 Yrs,£9,127
10-11 Yrs,£11,127
11-12 Yrs,£11,127
12-13 Yrs,£11,127
13-14 Yrs,£11,127
14-15 Yrs,£11,127
15-16 Yrs,£11,127
3-4 Yrs,£7,128
4-5 Yrs,£7,128
5-6 Yrs,£7,128
6-7 Yrs,£9,128
7-8 Yrs,£9,128
8-9 Yrs,£9,128
9-10 Yrs,£9,128
10-11 Yrs,£11,128
11-12 Yrs,£11,128
12-13 Yrs,£11,128
13-14 Yrs,£11,128
14-15 Yrs,£11,128
15-16 Yrs,£11,128
3-4 Yrs,£7,129
4-5 Yrs,£7,129
5-6 Yrs,£7,129
6-7 Yrs,£9,129
7-8 Yrs,£9,129
8-9 Yrs,£9,129
9-10 Yrs,£9,129
10-11 Yrs,£11,129
11-12 Yrs,£11,129
12-13 Yrs,£11,129
13-14 Yrs,£11,129
14-15 Yrs,£11,129
15-16 Yrs,£11,129
3-4 Yrs,£7,130
4-5 Yrs,£7,130
5-6 Yrs,£7,130
6-7 Yrs,£9,130
7-8 Yrs,£9,130
8-9 Yrs,£9,130
9-10 Yrs,£9,130
10-11 Yrs,£11,130
11-12 Yrs,£11,130
12-13 Yrs,£11,130
13-14 Yrs,£11,130
14-15 Yrs,£11,130
15-16 Yrs,£11,130
3-4 Yrs,£7,131
4-5 Yrs,£7,131
5-6 Yrs,£7,131
6-7 Yrs,£9,131
7-8 Yrs,£9,131
8-9 Yrs,£9,131
9-10 Yrs,£9,131
10-11 Yrs,£11,131
11-12 Yrs,£11,131
12-13 Yrs,£11,131
13-14 Yrs,£11,131
14-15 Yrs,£11,131
15-16 Yrs,£11,131
3-4 Yrs,£7,132
4-5 Yrs,£7,132
5-6 Yrs,£7,132
6-7 Yrs,£9,132
7-8 Yrs,£9,132
8-9 Yrs,£9,132
9-10 Yrs,£9,132
10-11 Yrs,£11,132
11-12 Yrs,£11,132
12-13 Yrs,£11,132
13-14 Yrs,£11,132
14-15 Yrs,£11,132
15-16 Yrs,£11,132
3-4 Yrs,£7,133
4-5 Yrs,£7,133
5-6 Yrs,£7,133
6-7 Yrs,£9,133
7-8 Yrs,£9,133
8-9 Yrs,£9,133
9-10 Yrs,£9,133
10-11 Yrs,£11,133
11-12 Yrs,£11,133
12-13 Yrs,£11,133
13-14 Yrs,£11,133
14-15 Yrs,£11,133
15-16 Yrs,£11,133
3-4 Yrs,£7,134
4-5 Yrs,£7,134
5-6 Yrs,£7,134
6-7 Yrs,£9,134
7-8 Yrs,£9,134
8-9 Yrs,£9,134
9-10 Yrs,£9,134
10-11 Yrs,£11,134
11-12 Yrs,£11,134
12-13 Yrs,£11,134
13-14 Yrs,£11,134
14-15 Yrs,£11,134
15-16 Yrs,£11,134
UK10 EU28,£18,135
UK11 EU29,£18,135
UK12 EU31,£19,135
UK13 EU32,£19,135
UK1 EU33,£19,135
UK2 EU34,£19,135
UK3 EU36,£20,135
UK4 EU37,£20,135
10-11 Yrs,£5.50,136
11-12 Yrs,£5.50,136
12-13 Yrs,£5.50,136
13-14 Yrs,£5.50,136
14-15 Yrs,£6.50,136
15-16 Yrs,£6.50,136
16-17 Yrs,£6.50,136
17-18 Yrs,£6.50,136
UK13 EU32,£15,137
UK1 EU33,£15,137
UK2 EU34,£15,137
UK3 EU36,£16,137
UK4 EU37,£16,137
UK5 EU38,£16,137
UK6 EU39,£16,137
UK7 EU41,£16,137
UK8 EU42,£16,137
2-3 Yrs,£9,138
3-4 Yrs,£9,138
4-5 Yrs,£9,138
5-6 Yrs,£9,138
6-7 Yrs,£9,138
7-8 Yrs,£9,138
8-9 Yrs,£9,138
9-10 Yrs,£9,138
10-11 Yrs,£9,138
11-12 Yrs,£9,138
12-13 Yrs,£9,138
13-14 Yrs,£9,138
14-15 Yrs,£9,138
15-16 Yrs,£9,138
6-8.5,£8,139
9-12,£8,139
12.5-14.5,£8,139
UK8 EU26,£17,140
UK9 EU27,£17,140
UK10 EU28,£17,140
UK11 EU29,£17,140
UK12 EU31,£18,140
UK13 EU32,£18,140
UK1 EU33,£18,140
UK2 EU34,£18,140
UK8 EU26,£18,141
UK9 EU27,£18,141
UK10 EU28,£18,141
UK11 EU29,£18,141
UK12 EU31,£19,141
UK13 EU32,£19,141
UK1 EU33,£19,141
UK2 EU34,£19,141
2-3 Yrs,£8,142
3-4 Yrs,£8,142
4-5 Yrs,£8,142
5-6 Yrs,£8,142
6-7 Yrs,£8,142
7-8 Yrs,£8,142
8-9 Yrs,£8,142
9-10 Yrs,£8,142
10-11 Yrs,£8,142
11-12 Yrs,£8,142
12-13 Yrs,£8,142
3-4 Yrs,£9,143
4-5 Yrs,£9,143
5-6 Yrs,£9,143
6-7 Yrs,£9,143
7-8 Yrs,£9,143
8-9 Yrs,£9,143
9-10 Yrs,£9,143
10-11 Yrs,£9,143
11-12 Yrs,£9,143
12-13 Yrs,£9,143
13-14 Yrs,£9,143
1.5-2 Yrs,£9,144
2-3 Yrs,£9,144
3-4 Yrs,£9,144
4-5 Yrs,£9,144
5-6 Yrs,£9,144
6-7 Yrs,£9,144
7-8 Yrs,£9,144
8-9 Yrs,£9,144
9-10 Yrs,£9,144
3-4 Yrs,£6,145
4-5 Yrs,£6,145
5-6 Yrs,£6,145
6-7 Yrs,£6,145
7-8 Yrs,£6,145
8-9 Yrs,£6,145
9-10 Yrs,£6,145
10-11 Yrs,£6,145
11-12 Yrs,£6,145
12-13 Yrs,£6,145
13-14 Yrs,£6,145
1.5-2 Yrs,£6,146
2-3 Yrs,£6,146
3-4 Yrs,£6,146
4-5 Yrs,£6,146
5-6 Yrs,£6,146
6-7 Yrs,£6,146
7-8 Yrs,£6,146
8-9 Yrs,£6,146
9-10 Yrs,£6,146
XS,£9,147
S,£9,147
M,£9,147
L,£9,147
XL,£9,147
XXL,£9,147
XXXL,£9,147
XXXXL,£9,147
1.5-2 Yrs,£6,148
2-3 Yrs,£6,148
3-4 Yrs,£6,148
4-5 Yrs,£6,148
5-6 Yrs,£6,148
6-7 Yrs,£6,148
7-8 Yrs,£6,148
8-9 Yrs,£6,148
9-10 Yrs,£6,148
1.5-2 Yrs,£5,149
2-3 Yrs,£5,149
3-4 Yrs,£5,149
4-5 Yrs,£5,149
5-6 Yrs,£5,149
6-7 Yrs,£5,149
7-8 Yrs,£5,149
1-1.5 Yrs,£5,150
1.5-2 Yrs,£5,150
2-3 Yrs,£5,150
3-4 Yrs,£5,150
4-5 Yrs,£5,150
5-6 Yrs,£5,150
6-7 Yrs,£5,150
7-8 Yrs,£5,150
1-1.5 Yrs,£5,151
1.5-2 Yrs,£5,151
2-3 Yrs,£5,151
3-4 Yrs,£5,151
4-5 Yrs,£5,151
5-6 Yrs,£5,151
6-7 Yrs,£5,151
7-8 Yrs,£5,151
1.5-2 Yrs,£5,152
2-3 Yrs,£5,152
3-4 Yrs,£5,152
4-5 Yrs,£5,152
5-6 Yrs,£5,152
6-7 Yrs,£5,152
7-8 Yrs,£5,152
UK6-8.5 EU23-26.5,£4,153
UK9-12 EU27-30,£4,153
UK12.5-3 EU31-36,£4,153
UK4-6.5 EU37-40,£4,153
UK3-5.5 EU19-22.5,£4,154
UK6-8.5 EU23-26.5,£4,154
UK9-12 EU27-30,£4,154
UK12.5-3 EU31-36,£4,154
UK4-6.5 EU37-40,£4,154
UK6-8.5 EU23-26.5,£4,155
UK9-12 EU27-30,£4,155
UK12.5-3 EU31-36,£4,155
UK4-6.5 EU37-40,£4,155
6-8.5,£3.50,156
9-12,£3.50,156
12.5-14.5,£3.50,156
6-8.5,£3.50,157
9-12,£3.50,157
12.5-14.5,£3.50,157
XS,£9,158
S,£9,158
M,£9,158
L,£9,158
XL,£9,158
XXL,£9,158
XXXL,£9,158
XXXXL,£9,158
6-8.5,£7,159
9-12,£7,159
3-4 Yrs,£7,160
4-5 Yrs,£7,160
5-6 Yrs,£7,160
6-7 Yrs,£8,160
7-8 Yrs,£8,160
8-9 Yrs,£8,160
9-10 Yrs,£8,160
10-11 Yrs,£8,160
11-12 Yrs,£8,160
12-13 Yrs,£8,160
13-14 Yrs,£8,160
3-4 Yrs,£7,161
4-5 Yrs,£7,161
5-6 Yrs,£7,161
6-7 Yrs,£8,161
7-8 Yrs,£8,161
8-9 Yrs,£8,161
9-10 Yrs,£8,161
10-11 Yrs,£9,161
11-12 Yrs,£9,161
12-13 Yrs,£9,161
13-14 Yrs,£9,161
3-4 Yrs,£7,162
4-5 Yrs,£7,162
5-6 Yrs,£7,162
6-7 Yrs,£8,162
7-8 Yrs,£8,162
8-9 Yrs,£8,162
9-10 Yrs,£8,162
10-11 Yrs,£9,162
11-12 Yrs,£9,162
12-13 Yrs,£9,162
13-14 Yrs,£9,162
3-4 Yrs,£7,163
4-5 Yrs,£7,163
5-6 Yrs,£7,163
6-7 Yrs,£8,163
7-8 Yrs,£8,163
8-9 Yrs,£8,163
9-10 Yrs,£8,163
10-11 Yrs,£9,163
11-12 Yrs,£9,163
12-13 Yrs,£9,163
13-14 Yrs,£9,163
3-4 Yrs,£7,164
4-5 Yrs,£7,164
5-6 Yrs,£7,164
6-7 Yrs,£8,164
7-8 Yrs,£8,164
8-9 Yrs,£8,164
9-10 Yrs,£8,164
10-11 Yrs,£8,164
11-12 Yrs,£8,164
12-13 Yrs,£9,164
13-14 Yrs,£9,164
XS,£9,165
S,£9,165
M,£9,165
L,£9,165
XL,£9,165
XXL,£9,165
XXXL,£9,165
3-4 Yrs,£11,166
4-5 Yrs,£11,166
5-6 Yrs,£11,166
6-7 Yrs,£11,166
7-8 Yrs,£11,166
8-9 Yrs,£11,166
9-10 Yrs,£11,166
10-11 Yrs,£11,166
11-12 Yrs,£11,166
12-13 Yrs,£11,166
13-14 Yrs,£11,166
3-4 Yrs,£7,167
4-5 Yrs,£7,167
5-6 Yrs,£7,167
6-7 Yrs,£7,167
7-8 Yrs,£7,167
8-9 Yrs,£7,167
9-10 Yrs,£7,167
10-11 Yrs,£7,167
11-12 Yrs,£7,167
12-13 Yrs,£7,167
13-14 Yrs,£7,167
3-4 Yrs,£6.50,168
4-5 Yrs,£6.50,168
5-6 Yrs,£6.50,168
6-7 Yrs,£6.50,168
7-8 Yrs,£6.50,168
8-9 Yrs,£6.50,168
9-10 Yrs,£6.50,168
10-11 Yrs,£6.50,168
11-12 Yrs,£6.50,168
12-13 Yrs,£6.50,168
13-14 Yrs,£6.50,168
14-15 Yrs,£6.50,168
15-16 Yrs,£6.50,168
16-17 Yrs,£7.50,168
17-18 Yrs,£7.50,168
3-4 Yrs,£4.50,169
4-5 Yrs,£4.50,169
5-6 Yrs,£4.50,169
6-7 Yrs,£4.50,169
7-8 Yrs,£4.50,169
8-9 Yrs,£4.50,169
9-10 Yrs,£4.50,169
10-11 Yrs,£5.50,169
11-12 Yrs,£5.50,169
12-13 Yrs,£5.50,169
13-14 Yrs,£5.50,169
14-15 Yrs,£6.50,169
15-16 Yrs,£6.50,169
16-17 Yrs,£6.50,169
17-18 Yrs,£6.50,169
XS,£22,170
S,£22,170
M,£22,170
L,£22,170
XL,£22,170
XXL,£22,170
XXXL,£22,170
XXXXL,£22,170
3-4 Yrs,£8,171
4-5 Yrs,£8,171
5-6 Yrs,£8,171
6-7 Yrs,£8,171
7-8 Yrs,£8,171
8-9 Yrs,£8,171
9-10 Yrs,£8,171
10-11 Yrs,£8,171
11-12 Yrs,£8,171
12-13 Yrs,£8,171
13-14 Yrs,£8,171
XS,£22,172
S,£22,172
M,£22,172
L,£22,172
XL,£22,172
XXL,£22,172
XXXL,£22,172
XXXXL,£22,172
UK6 EU23,£12,173
UK7 EU24,£12,173
UK8 EU26,£12,173
UK9 EU27,£12,173
UK10 EU28,£12,173
UK11 EU29,£12,173
UK12 EU31,£12,173
UK13 EU32,£12,173
UK1 EU33,£12,173
UK2 EU34,£12,173
UK3 EU36,£12,173
UK4 EU37,£12,173
UK5 EU38,£12,173
UK6 EU39,£12,173
UK6 EU23,£10,174
UK7 EU24,£10,174
UK8 EU26,£10,174
UK9 EU27,£10,174
UK10 EU28,£10,174
UK11 EU29,£10,174
UK12 EU31,£10,174
UK13 EU32,£10,174
UK1 EU33,£10,174
UK2 EU34,£10,174
UK3 EU36,£12,174
UK4 EU37,£12,174
UK5 EU38,£12,174
UK6 EU39,£12,174
2-3 Yrs,£8,175
3-4 Yrs,£8,175
4-5 Yrs,£8,175
5-6 Yrs,£8,175
6-7 Yrs,£8,175
7-8 Yrs,£8,175
8-9 Yrs,£8,175
9-10 Yrs,£8,175
10-11 Yrs,£8,175
11-12 Yrs,£8,175
12-13 Yrs,£8,175
13-14 Yrs,£8,175
14-15 Yrs,£8,175
15-16 Yrs,£8,175
2-3 Yrs,£9,176
3-4 Yrs,£9,176
4-5 Yrs,£9,176
5-6 Yrs,£9,176
6-7 Yrs,£9,176
7-8 Yrs,£9,176
8-9 Yrs,£9,176
9-10 Yrs,£9,176
10-11 Yrs,£9,176
11-12 Yrs,£9,176
12-13 Yrs,£9,176
13-14 Yrs,£9,176
14-15 Yrs,£9,176
15-16 Yrs,£9,176
XS,£22,177
S,£22,177
M,£22,177
L,£22,177
XL,£22,177
XXL,£22,177
XXXL,£22,177
XXXXL,£22,177
UK5 EU22,£10,178
UK6 EU23,£10,178
UK7 EU24,£10,178
UK8 EU26,£10,178
UK9 EU27,£10,178
UK10 EU28,£10,178
UK11 EU29,£10,178
UK12 EU31,£11,178
UK13 EU32,£11,178
UK1 EU33,£11,178
UK2 EU34,£11,178
UK3 EU36,£11,178
UK4 EU37,£11,178
UK5 EU38,£11,178
UK6 EU39,£11,178
XS,£22,179
S,£22,179
M,£22,179
L,£22,179
XL,£22,179
XXL,£22,179
XXXL,£22,179
XXXXL,£22,179
1.5-2 Yrs,£9,180
2-3 Yrs,£9,180
3-4 Yrs,£9,180
4-5 Yrs,£9,180
5-6 Yrs,£9,180
6-7 Yrs,£9,180
7-8 Yrs,£9,180
8-9 Yrs,£9,180
9-10 Yrs,£9,180
10-11 Yrs,£9,180
11-12 Yrs,£9,180
XS,£9,181
S,£9,181
M,£9,181
L,£9,181
XL,£9,181
XXL,£9,181
XXXL,£9,181
XXXXL,£9,181
1.5-2 Yrs,£6,182
2-3 Yrs,£6,182
3-4 Yrs,£6,182
4-5 Yrs,£6,182
5-6 Yrs,£6,182
6-7 Yrs,£6,182
7-8 Yrs,£6,182
8-9 Yrs,£6,182
9-10 Yrs,£6,182
XS,£22,183
S,£22,183
M,£22,183
L,£22,183
XL,£22,183
XXL,£22,183
XXXL,£22,183
XXXXL,£22,183
1.5-2 Yrs,£6,184
2-3 Yrs,£6,184
3-4 Yrs,£6,184
4-5 Yrs,£6,184
5-6 Yrs,£6,184
6-7 Yrs,£6,184
7-8 Yrs,£6,184
8-9 Yrs,£6,184
9-10 Yrs,£6,184
XS,£9,185
S,£9,185
M,£9,185
L,£9,185
XL,£9,185
XXL,£9,185
XXXL,£9,185
XXXXL,£9,185
XS,£22,186
S,£22,186
M,£22,186
L,£22,186
XL,£22,186
XXL,£22,186
XXXL,£22,186
XXXXL,£22,186
XS,£22,187
S,£22,187
M,£22,187
L,£22,187
XL,£22,187
XXL,£22,187
XXXL,£22,187
XS,£9,188
S,£9,188
M,£9,188
L,£9,188
XL,£9,188
XXL,£9,188
XXXL,£9,188
XXXXL,£9,188
6-8.5,£7.50,189
9-12,£7.50,189
12.5-14.5,£7.50,189
1-1.5 Yrs,£5,190
1.5-2 Yrs,£5,190
2-3 Yrs,£5,190
3-4 Yrs,£6,190
4-5 Yrs,£6,190
5-6 Yrs,£6,190
6-7 Yrs,£7,190
7-8 Yrs,£7,190
8-9 Yrs,£7,190
9-10 Yrs,£7,190
10-11 Yrs,£7,190
11-12 Yrs,£7,190
12-13 Yrs,£8,190
13-14 Yrs,£8,190
14-15 Yrs,£9,190
15-16 Yrs,£9,190
1.5-2 Yrs,£9,191
2-3 Yrs,£9,191
3-4 Yrs,£9,191
4-5 Yrs,£9,191
5-6 Yrs,£9,191
6-7 Yrs,£9,191
7-8 Yrs,£9,191
8-9 Yrs,£9,191
9-10 Yrs,£9,191
10-11 Yrs,£9,191
11-12 Yrs,£9,191
12-13 Yrs,£9,191
13-14 Yrs,£9,191
6-8.5,£7,192
9-12,£7,192
12.5-14.5,£7,192
2-3 Yrs,£8,193
3-4 Yrs,£8,193
4-5 Yrs,£8,193
5-6 Yrs,£8,193
6-7 Yrs,£8,193
7-8 Yrs,£8,193
8-9 Yrs,£8,193
9-10 Yrs,£8,193
10-11 Yrs,£8,193
11-12 Yrs,£8,193
12-13 Yrs,£8,193
13-14 Yrs,£8,193
14-15 Yrs,£8,193
15-16 Yrs,£8,193
2-3 Yrs,£16,194
3-4 Yrs,£16,194
4-5 Yrs,£16,194
5-6 Yrs,£16,194
6-7 Yrs,£16,194
7-8 Yrs,£16,194
8-9 Yrs,£16,194
9-10 Yrs,£16,194
10-11 Yrs,£16,194
11-12 Yrs,£16,194
12-13 Yrs,£16,194
13-14 Yrs,£16,194
14-15 Yrs,£16,194
15-16 Yrs,£16,194
6-8.5,£7.50,195
9-12,£7.50,195
12.5-14.5,£7.50,195
5-6 Yrs,£4.50,196
6-7 Yrs,£4.50,196
7-8 Yrs,£4.50,196
8-9 Yrs,£4.50,196
9-10 Yrs,£4.50,196
10-11 Yrs,£5.50,196
11-12 Yrs,£5.50,196
12-13 Yrs,£5.50,196
13-14 Yrs,£5.50,196
14-15 Yrs,£6.50,196
15-16 Yrs,£6.50,196
16-17 Yrs,£6.50,196
17-18 Yrs,£6.50,196
5-6 Yrs,£4.50,197
6-7 Yrs,£5.50,197
7-8 Yrs,£5.50,197
8-9 Yrs,£5.50,197
9-10 Yrs,£5.50,197
10-11 Yrs,£5.50,197
11-12 Yrs,£6.50,197
12-13 Yrs,£6.50,197
13-14 Yrs,£6.50,197
14-15 Yrs,£7.50,197
15-16 Yrs,£7.50,197
16-17 Yrs,£7.50,197
17-18 Yrs,£7.50,197
5-6 Yrs,£4.50,198
6-7 Yrs,£5.50,198
7-8 Yrs,£5.50,198
8-9 Yrs,£5.50,198
9-10 Yrs,£5.50,198
10-11 Yrs,£6.50,198
11-12 Yrs,£6.50,198
12-13 Yrs,£6.50,198
13-14 Yrs,£6.50,198
14-15 Yrs,£7.50,198
15-16 Yrs,£7.50,198
16-17 Yrs,£7.50,198
17-18 Yrs,£7.50,198
5-6 Yrs,£4.50,199
6-7 Yrs,£4.50,199
7-8 Yrs,£4.50,199
8-9 Yrs,£4.50,199
9-10 Yrs,£4.50,199
10-11 Yrs,£5.50,199
11-12 Yrs,£5.50,199
12-13 Yrs,£5.50,199
13-14 Yrs,£5.50,199
14-15 Yrs,£6.50,199
15-16 Yrs,£6.50,199
16-17 Yrs,£6.50,199
17-18 Yrs,£6.50,199
5-6 Yrs,£3.50,200
6-7 Yrs,£4.50,200
7-8 Yrs,£4.50,200
8-9 Yrs,£4.50,200
9-10 Yrs,£4.50,200
10-11 Yrs,£5.50,200
11-12 Yrs,£5.50,200
12-13 Yrs,£5.50,200
13-14 Yrs,£5.50,200
14-15 Yrs,£6.50,200
15-16 Yrs,£6.50,200
16-17 Yrs,£6.50,200
17-18 Yrs,£6.50,200
3-4 Yrs,£8,201
4-5 Yrs,£8,201
5-6 Yrs,£8,201
6-7 Yrs,£10,201
7-8 Yrs,£10,201
8-9 Yrs,£10,201
9-10 Yrs,£10,201
10-11 Yrs,£12,201
11-12 Yrs,£12,201
12-13 Yrs,£12,201
13-14 Yrs,£12,201
14-15 Yrs,£14,201
15-16 Yrs,£14,201
XS,£9,202
S,£9,202
M,£9,202
L,£9,202
XL,£9,202
XXL,£9,202
XXXL,£9,202
XXXXL,£9,202
UK5 EU22,£10,203
UK6 EU23,£10,203
UK7 EU24,£10,203
UK8 EU26,£10,203
UK9 EU27,£10,203
UK10 EU28,£10,203
UK11 EU29,£10,203
UK12 EU31,£11,203
UK13 EU32,£11,203
UK1 EU33,£11,203
UK2 EU34,£11,203
UK3 EU36,£12,203
UK4 EU37,£12,203
UK5 EU38,£12,203
UK6 EU39,£12,203
XS,£9,204
S,£9,204
M,£9,204
L,£9,204
XL,£9,204
XXL,£9,204
XXXL,£9,204
XXXXL,£9,204
5-6 Yrs,£3.50,205
6-7 Yrs,£4.50,205
7-8 Yrs,£4.50,205
8-9 Yrs,£4.50,205
9-10 Yrs,£4.50,205
10-11 Yrs,£5.50,205
11-12 Yrs,£5.50,205
12-13 Yrs,£5.50,205
13-14 Yrs,£5.50,205
14-15 Yrs,£6.50,205
15-16 Yrs,£6.50,205
16-17 Yrs,£6.50,205
17-18 Yrs,£6.50,205
5-6 Yrs,£11,206
6-7 Yrs,£13.50,206
7-8 Yrs,£13.50,206
8-9 Yrs,£13.50,206
9-10 Yrs,£13.50,206
10-11 Yrs,£16,206
11-12 Yrs,£16,206
12-13 Yrs,£16,206
13-14 Yrs,£16,206
14-15 Yrs,£18.50,206
15-16 Yrs,£18.50,206
16-17 Yrs,£18.50,206
17-18 Yrs,£18.50,206
5-6 Yrs,£11,207
6-7 Yrs,£13.50,207
7-8 Yrs,£13.50,207
8-9 Yrs,£13.50,207
9-10 Yrs,£13.50,207
10-11 Yrs,£16,207
11-12 Yrs,£16,207
12-13 Yrs,£16,207
13-14 Yrs,£16,207
14-15 Yrs,£18.50,207
15-16 Yrs,£18.50,207
16-17 Yrs,£18.50,207
17-18 Yrs,£18.50,207
5-6 Yrs,£4.50,208
6-7 Yrs,£5.50,208
7-8 Yrs,£5.50,208
8-9 Yrs,£5.50,208
9-10 Yrs,£5.50,208
10-11 Yrs,£6.50,208
11-12 Yrs,£6.50,208
12-13 Yrs,£6.50,208
13-14 Yrs,£6.50,208
14-15 Yrs,£7.50,208
15-16 Yrs,£7.50,208
16-17 Yrs,£7.50,208
17-18 Yrs,£7.50,208
5-6 Yrs,£4.50,209
6-7 Yrs,£5.50,209
7-8 Yrs,£5.50,209
8-9 Yrs,£5.50,209
9-10 Yrs,£5.50,209
10-11 Yrs,£6.50,209
11-12 Yrs,£6.50,209
12-13 Yrs,£6.50,209
13-14 Yrs,£6.50,209
14-15 Yrs,£7.50,209
15-16 Yrs,£7.50,209
16-17 Yrs,£7.50,209
17-18 Yrs,£7.50,209
1.5-2 Yrs,£6,210
2-3 Yrs,£6,210
3-4 Yrs,£6,210
4-5 Yrs,£6,210
5-6 Yrs,£6,210
6-7 Yrs,£6,210
7-8 Yrs,£6,210
8-9 Yrs,£6,210
9-10 Yrs,£6,210
10-11 Yrs,£6,210
11-12 Yrs,£6,210
UK13 EU32,£12,211
UK1 EU33,£12,211
UK2 EU34,£12,211
UK3 EU36,£13,211
UK4 EU37,£13,211
UK5 EU38,£13,211
UK6 EU39,£13,211
2-3 Yrs,£9,212
3-4 Yrs,£9,212
4-5 Yrs,£9,212
5-6 Yrs,£9,212
6-7 Yrs,£9,212
7-8 Yrs,£9,212
8-9 Yrs,£9,212
9-10 Yrs,£9,212
10-11 Yrs,£9,212
11-12 Yrs,£9,212
12-13 Yrs,£9,212
13-14 Yrs,£9,212
14-15 Yrs,£9,212
15-16 Yrs,£9,212
5-6 Yrs,£8.50,213
6-7 Yrs,£11,213
7-8 Yrs,£11,213
8-9 Yrs,£11,213
9-10 Yrs,£11,213
10-11 Yrs,£13.50,213
11-12 Yrs,£13.50,213
12-13 Yrs,£13.50,213
13-14 Yrs,£13.50,213
14-15 Yrs,£16,213
15-16 Yrs,£16,213
16-17 Yrs,£16,213
17-18 Yrs,£16,213
2-3 Yrs,£9,214
3-4 Yrs,£9,214
4-5 Yrs,£9,214
5-6 Yrs,£9,214
6-7 Yrs,£9,214
7-8 Yrs,£9,214
8-9 Yrs,£9,214
9-10 Yrs,£9,214
10-11 Yrs,£9,214
11-12 Yrs,£9,214
12-13 Yrs,£9,214
13-14 Yrs,£9,214
14-15 Yrs,£9,214
15-16 Yrs,£9,214
UK6-8.5 EU23-26.5,£3.50,215
UK9-12 EU27-30,£3.50,215
UK12.5-3 EU31-36,£3.50,215
UK4-6.5 EU37-40,£3.50,215
UK6-8.5 EU23-26.5,£3.50,216
UK9-12 EU27-30,£3.50,216
UK12.5-3 EU31-36,£3.50,216
UK4-6.5 EU37-40,£3.50,216
UK3-5.5 EU19-22.5,£3,217
UK6-8.5 EU23-26.5,£3,217
UK9-12 EU27-30,£3,217
UK12.5-3 EU31-36,£3,217
UK4-6.5 EU37-40,£3,217
9-10 Yrs,£10,218
10-11 Yrs,£10,218
11-12 Yrs,£10,218
12-13 Yrs,£10,218
13-14 Yrs,£10,218
14-15 Yrs,£12,218
15-16 Yrs,£12,218
16-17 Yrs,£12,218
17-18 Yrs,£12,218
UK3-5.5 EU19-22.5,£4,219
UK6-8.5 EU23-26.5,£4,219
UK9-12 EU27-30,£4,219
UK12.5-3 EU31-36,£4,219
UK4-6.5 EU37-40,£4,219
UK6-8.5 EU23-26.5,£3.50,220
UK9-12 EU27-30,£3.50,220
UK12.5-3 EU31-36,£3.50,220
UK4-6.5 EU37-40,£3.50,220
XS,£10,221
S,£10,221
M,£10,221
L,£10,221
XL,£10,221
XXL,£10,221
XXXL,£10,221
XXXXL,£10,221
3-4 Yrs,£15,222
4-5 Yrs,£15,222
5-6 Yrs,£15,222
6-7 Yrs,£15,222
7-8 Yrs,£15,222
8-9 Yrs,£15,222
9-10 Yrs,£15,222
10-11 Yrs,£17,222
11-12 Yrs,£17,222
12-13 Yrs,£17,222
13-14 Yrs,£17,222
14-15 Yrs,£19,222
15-16 Yrs,£19,222
5-6 Yrs,£5,223
6-7 Yrs,£6,223
7-8 Yrs,£6,223
8-9 Yrs,£6,223
9-10 Yrs,£6,223
10-11 Yrs,£7,223
11-12 Yrs,£7,223
12-13 Yrs,£7,223
13-14 Yrs,£7,223
14-15 Yrs,£8,223
15-16 Yrs,£8,223
16-17 Yrs,£8,223
17-18 Yrs,£8,223
3-4 Yrs,£13,224
4-5 Yrs,£13,224
5-6 Yrs,£13,224
6-7 Yrs,£15,224
7-8 Yrs,£15,224
8-9 Yrs,£15,224
9-10 Yrs,£15,224
10-11 Yrs,£17,224
11-12 Yrs,£17,224
12-13 Yrs,£17,224
13-14 Yrs,£17,224
14-15 Yrs,£19,224
15-16 Yrs,£19,224
4-5 Yrs,£7,225
5-6 Yrs,£7,225
6-7 Yrs,£7,225
7-8 Yrs,£7,225
8-9 Yrs,£7,225
9-10 Yrs,£7,225
10-11 Yrs,£7,225
11-12 Yrs,£7,225
12-13 Yrs,£7,225
13-14 Yrs,£7,225
14-15 Yrs,£7,225
15-16 Yrs,£7,225
5-6 Yrs,£6,226
6-7 Yrs,£7,226
7-8 Yrs,£7,226
8-9 Yrs,£7,226
9-10 Yrs,£7,226
10-11 Yrs,£8,226
11-12 Yrs,£8,226
12-13 Yrs,£8,226
13-14 Yrs,£8,226
14-15 Yrs,£9,226
15-16 Yrs,£9,226
16-17 Yrs,£9,226
17-18 Yrs,£9,226
1-1.5 Yrs,£5,227
1.5-2 Yrs,£5,227
2-3 Yrs,£5,227
3-4 Yrs,£5,227
4-5 Yrs,£5,227
5-6 Yrs,£5,227
6-7 Yrs,£5,227
7-8 Yrs,£5,227
8-9 Yrs,£5,227
9-10 Yrs,£5,227
10-11 Yrs,£8,227
11-12 Yrs,£8,227
12-13 Yrs,£8,227
13-14 Yrs,£8,227
2-3 Yrs,£16,228
3-4 Yrs,£16,228
4-5 Yrs,£16,228
5-6 Yrs,£16,228
6-7 Yrs,£16,228
7-8 Yrs,£16,228
8-9 Yrs,£16,228
9-10 Yrs,£16,228
10-11 Yrs,£16,228
11-12 Yrs,£16,228
12-13 Yrs,£16,228
13-14 Yrs,£16,228
14-15 Yrs,£16,228
15-16 Yrs,£16,228
UK8 EU26,£16,229
UK9 EU27,£16,229
UK10 EU28,£16,229
UK11 EU29,£16,229
UK12 EU31,£16,229
UK13 EU32,£16,229
UK1 EU33,£16,229
UK2 EU34,£16,229
UK8 EU26,£15,230
UK9 EU27,£15,230
UK10 EU28,£15,230
UK11 EU29,£15,230
UK12 EU31,£15,230
UK13 EU32,£15,230
UK1 EU33,£15,230
UK2 EU34,£15,230
UK10 EU28,£17,231
UK11 EU29,£17,231
UK12 EU31,£17,231
UK13 EU32,£17,231
UK1 EU33,£17,231
UK2 EU34,£17,231
UK3 EU36,£18,231
UK4 EU37,£18,231
UK5 EU38,£18,231
UK6 EU39,£18,231
3-4 Yrs,£7.50,232
4-5 Yrs,£7.50,232
5-6 Yrs,£7.50,232
6-7 Yrs,£7.50,232
7-8 Yrs,£10,232
8-9 Yrs,£10,232
9-10 Yrs,£10,232
10-11 Yrs,£12.50,232
11-12 Yrs,£12.50,232
12-13 Yrs,£12.50,232
13-14 Yrs,£12.50,232
14-15 Yrs,£15,232
15-16 Yrs,£15,232
2-3 Yrs,£16,233
3-4 Yrs,£16,233
4-5 Yrs,£16,233
5-6 Yrs,£16,233
6-7 Yrs,£16,233
7-8 Yrs,£16,233
8-9 Yrs,£16,233
9-10 Yrs,£16,233
10-11 Yrs,£16,233
11-12 Yrs,£16,233
12-13 Yrs,£16,233
13-14 Yrs,£16,233
14-15 Yrs,£16,233
15-16 Yrs,£16,233
3-4 Yrs,£3,234
4-5 Yrs,£3,234
5-6 Yrs,£3,234
6-7 Yrs,£3,234
7-8 Yrs,£4,234
8-9 Yrs,£4,234
9-10 Yrs,£4,234
10-11 Yrs,£4,234
11-12 Yrs,£5,234
12-13 Yrs,£5,234
13-14 Yrs,£5,234
14-15 Yrs,£5,234
15-16 Yrs,£5,234
3-4 Yrs,£3,235
4-5 Yrs,£3,235
5-6 Yrs,£3,235
6-7 Yrs,£4,235
7-8 Yrs,£4,235
8-9 Yrs,£4,235
9-10 Yrs,£4,235
10-11 Yrs,£5,235
11-12 Yrs,£5,235
12-13 Yrs,£5,235
13-14 Yrs,£5,235
14-15 Yrs,£6,235
15-16 Yrs,£6,235
3-4 Yrs,£3,236
4-5 Yrs,£3,236
5-6 Yrs,£3,236
6-7 Yrs,£4,236
7-8 Yrs,£4,236
8-9 Yrs,£4,236
9-10 Yrs,£4,236
10-11 Yrs,£5,236
11-12 Yrs,£5,236
12-13 Yrs,£5,236
13-14 Yrs,£5,236
14-15 Yrs,£5,236
15-16 Yrs,£5,236
UK8 EU26,£18,237
UK9 EU27,£18,237
UK10 EU28,£18,237
UK11 EU29,£18,237
UK12 EU31,£18,237
UK13 EU32,£18,237
UK1 EU33,£18,237
UK2 EU34,£19,237
UK8 EU26,£18,238
UK9 EU27,£18,238
UK10 EU28,£18,238
UK11 EU29,£18,238
UK12 EU31,£18,238
UK13 EU32,£19,238
UK1 EU33,£19,238
UK2 EU34,£19,238
UK13 EU32,£20,239
UK1 EU33,£20,239
UK2 EU34,£20,239
UK3 EU36,£20,239
UK4 EU37,£21,239
UK5 EU38,£21,239
UK6 EU39,£21,239
UK7 EU41,£21,239
UK8 EU42,£21,239
3-4 Yrs,£4,240
4-5 Yrs,£4,240
5-6 Yrs,£4,240
6-7 Yrs,£4,240
7-8 Yrs,£4,240
8-9 Yrs,£4,240
9-10 Yrs,£4,240
10-11 Yrs,£5,240
11-12 Yrs,£5,240
12-13 Yrs,£5,240
13-14 Yrs,£5,240
14-15 Yrs,£5,240
15-16 Yrs,£5,240
3-4 Yrs,£3,241
4-5 Yrs,£3,241
5-6 Yrs,£3,241
6-7 Yrs,£4,241
7-8 Yrs,£4,241
8-9 Yrs,£4,241
9-10 Yrs,£4,241
10-11 Yrs,£5,241
11-12 Yrs,£5,241
12-13 Yrs,£5,241
13-14 Yrs,£5,241
14-15 Yrs,£5,241
15-16 Yrs,£5,241
3-4 Yrs,£3,242
4-5 Yrs,£3,242
5-6 Yrs,£3,242
6-7 Yrs,£4,242
7-8 Yrs,£4,242
8-9 Yrs,£4,242
9-10 Yrs,£4,242
10-11 Yrs,£5,242
11-12 Yrs,£5,242
12-13 Yrs,£5,242
13-14 Yrs,£5,242
14-15 Yrs,£5,242
15-16 Yrs,£5,242
3-4 Yrs,£3,243
4-5 Yrs,£3,243
5-6 Yrs,£3,243
6-7 Yrs,£3,243
7-8 Yrs,£4,243
8-9 Yrs,£4,243
9-10 Yrs,£4,243
10-11 Yrs,£5,243
11-12 Yrs,£5,243
12-13 Yrs,£5,243
13-14 Yrs,£5,243
14-15 Yrs,£5,243
15-16 Yrs,£5,243
3-4 Yrs,£3,244
4-5 Yrs,£3,244
5-6 Yrs,£3,244
6-7 Yrs,£4,244
7-8 Yrs,£4,244
8-9 Yrs,£4,244
9-10 Yrs,£4,244
10-11 Yrs,£5,244
11-12 Yrs,£5,244
12-13 Yrs,£5,244
13-14 Yrs,£5,244
14-15 Yrs,£5,244
15-16 Yrs,£5,244
3-4 Yrs,£3,245
4-5 Yrs,£3,245
5-6 Yrs,£3,245
6-7 Yrs,£4,245
7-8 Yrs,£4,245
8-9 Yrs,£4,245
9-10 Yrs,£4,245
10-11 Yrs,£5,245
11-12 Yrs,£5,245
12-13 Yrs,£5,245
13-14 Yrs,£5,245
14-15 Yrs,£5,245
15-16 Yrs,£5,245
3-4 Yrs,£3,246
4-5 Yrs,£3,246
5-6 Yrs,£3,246
6-7 Yrs,£4,246
7-8 Yrs,£4,246
8-9 Yrs,£4,246
9-10 Yrs,£4,246
10-11 Yrs,£5,246
11-12 Yrs,£5,246
12-13 Yrs,£5,246
13-14 Yrs,£5,246
14-15 Yrs,£5,246
15-16 Yrs,£5,246
3-4 Yrs,£3,247
4-5 Yrs,£3,247
5-6 Yrs,£3,247
6-7 Yrs,£4,247
7-8 Yrs,£4,247
8-9 Yrs,£4,247
9-10 Yrs,£4,247
10-11 Yrs,£5,247
11-12 Yrs,£5,247
12-13 Yrs,£5,247
13-14 Yrs,£5,247
14-15 Yrs,£5,247
15-16 Yrs,£5,247
4-5 Yrs,£7,248
5-6 Yrs,£7,248
6-7 Yrs,£7,248
7-8 Yrs,£7,248
8-9 Yrs,£7,248
9-10 Yrs,£7,248
10-11 Yrs,£8,248
11-12 Yrs,£8,248
12-13 Yrs,£8,248
13-14 Yrs,£8,248
UK10 EU28,£20,249
UK11 EU29,£20,249
UK12 EU31,£20,249
UK13 EU32,£20,249
UK1 EU33,£20,249
UK2 EU34,£20,249
UK3 EU36,£20,249
UK4 EU37,£20,249
UK5 EU38,£20,249
UK6 EU39,£20,249
UK6-8.5 EU23-26.5,£2.50,250
UK9-12 EU27-30,£2.50,250
UK12.5-3 EU31-36,£2.50,250
UK4-6.5 EU37-40,£2.50,250
3-4 Yrs,£7.50,251
4-5 Yrs,£7.50,251
5-6 Yrs,£7.50,251
6-7 Yrs,£7.50,251
7-8 Yrs,£10,251
8-9 Yrs,£10,251
9-10 Yrs,£10,251
10-11 Yrs,£12.50,251
11-12 Yrs,£12.50,251
12-13 Yrs,£12.50,251
13-14 Yrs,£12.50,251
14-15 Yrs,£12.50,251
15-16 Yrs,£12.50,251
2-3 Yrs,£3,252
3-4 Yrs,£3,252
4-5 Yrs,£3,252
5-6 Yrs,£3,252
6-7 Yrs,£4,252
7-8 Yrs,£4,252
8-9 Yrs,£4,252
9-10 Yrs,£4,252
10-11 Yrs,£5,252
11-12 Yrs,£5,252
12-13 Yrs,£5,252
13-14 Yrs,£5,252
14-15 Yrs,£5,252
15-16 Yrs,£5,252
2-3 Yrs,£3,253
3-4 Yrs,£3,253
4-5 Yrs,£3,253
5-6 Yrs,£3,253
6-7 Yrs,£4,253
7-8 Yrs,£4,253
8-9 Yrs,£4,253
9-10 Yrs,£4,253
10-11 Yrs,£5,253
11-12 Yrs,£5,253
12-13 Yrs,£5,253
13-14 Yrs,£5,253
14-15 Yrs,£5,253
15-16 Yrs,£5,253
UK8 EU26,£4.50,254
UK9 EU27,£4.50,254
UK10 EU28,£4.50,254
UK11 EU29,£4.50,254
UK12 EU31,£4.50,254
UK13 EU32,£4.50,254
UK1 EU33,£5,254
UK2 EU34,£5,254
UK3 EU36,£5.50,254
UK4 EU37,£5.50,254
UK8 EU26,£17,255
UK9 EU27,£17,255
UK10 EU28,£17,255
UK11 EU29,£17,255
UK12 EU31,£17,255
UK13 EU32,£18,255
UK1 EU33,£18,255
UK2 EU34,£18,255
UK8 EU26,£18,256
UK9 EU27,£18,256
UK10 EU28,£18,256
UK11 EU29,£18,256
UK12 EU31,£18,256
UK13 EU32,£18,256
UK1 EU33,£18,256
UK2 EU34,£19,256
UK8 EU26,£18,257
UK9 EU27,£18,257
UK10 EU28,£18,257
UK11 EU29,£18,257
UK12 EU31,£18,257
UK13 EU32,£18,257
UK1 EU33,£19,257
UK2 EU34,£19,257
XS,£10,258
S,£10,258
M,£10,258
L,£10,258
XL,£10,258
XXL,£10,258
XXXL,£10,258
XXXXL,£10,258
UK8 EU26,£19,259
UK9 EU27,£19,259
UK10 EU28,£19,259
UK11 EU29,£19,259
UK12 EU31,£19,259
UK13 EU32,£19,259
UK1 EU33,£19,259
UK2 EU34,£19,259
UK3-5.5 EU19-22.5,£3.50,260
UK6-8.5 EU23-26.5,£3.50,260
UK9-12 EU27-30,£3.50,260
UK12.5-3 EU31-36,£3.50,260
UK4-6.5 EU37-40,£3.50,260
3-4 Yrs,£3.50,264
4-5 Yrs,£3.50,264
5-6 Yrs,£3.50,264
6-7 Yrs,£4.50,264
7-8 Yrs,£4.50,264
8-9 Yrs,£4.50,264
9-10 Yrs,£4.50,264
10-11 Yrs,£5.50,264
11-12 Yrs,£5.50,264
12-13 Yrs,£5.50,264
13-14 Yrs,£5.50,264
14-15 Yrs,£6.50,264
15-16 Yrs,£6.50,264
3-4 Yrs,£13.50,265
4-5 Yrs,£13.50,265
5-6 Yrs,£13.50,265
6-7 Yrs,£13.50,265
7-8 Yrs,£13.50,265
8-9 Yrs,£13.50,265
9-10 Yrs,£13.50,265
10-11 Yrs,£16,265
11-12 Yrs,£16,265
12-13 Yrs,£16,265
13-14 Yrs,£16,265
14-15 Yrs,£18.50,265
15-16 Yrs,£18.50,265
16-17 Yrs,£18.50,265
17-18 Yrs,£18.50,265
6-8.5,£4,266
9-12,£4,266
6-8.5,£8,267
9-12,£8,267
UK6-8.5 EU23-26.5,£2.50,268
UK9-12 EU27-30,£2.50,268
UK12.5-3 EU31-36,£2.50,268
UK4-6.5 EU37-40,£2.50,268
3-4 Yrs,£4.50,269
4-5 Yrs,£4.50,269
5-6 Yrs,£4.50,269
6-7 Yrs,£4.50,269
7-8 Yrs,£4.50,269
8-9 Yrs,£4.50,269
9-10 Yrs,£4.50,269
10-11 Yrs,£4.50,269
11-12 Yrs,£4.50,269
12-13 Yrs,£4.50,269
13-14 Yrs,£4.50,269
14-15 Yrs,£4.50,269
15-16 Yrs,£4.50,269
16-17 Yrs,£4.50,269
17-18 Yrs,£4.50,269
UK6-8.5 EU23-26.5,£2.50,270
UK9-12 EU27-30,£2.50,270
UK12.5-3 EU31-36,£2.50,270
UK4-6.5 EU37-40,£2.50,270
UK3-5.5 EU19-22.5,£3.50,271
UK6-8.5 EU23-26.5,£3.50,271
UK9-12 EU27-30,£3.50,271
UK12.5-3 EU31-36,£3.50,271
UK4-6.5 EU37-40,£3.50,271
6-8.5,£4.50,272
9-12,£4.50,272
6-8.5,£4.50,273
9-12,£4.50,273
3-4 Yrs,£13.50,274
4-5 Yrs,£13.50,274
5-6 Yrs,£13.50,274
6-7 Yrs,£13.50,274
7-8 Yrs,£13.50,274
8-9 Yrs,£13.50,274
9-10 Yrs,£13.50,274
10-11 Yrs,£13.50,274
11-12 Yrs,£13.50,274
12-13 Yrs,£13.50,274
13-14 Yrs,£13.50,274
14-15 Yrs,£13.50,274
15-16 Yrs,£13.50,274
16-17 Yrs,£13.50,274
17-18 Yrs,£13.50,274
9-10 Yrs,£14,275
11-12 Yrs,£16,275
13-14 Yrs,£16,275
15-16 Yrs,£18,275
17-18 Yrs,£18,275
9-10 Yrs,£14,276
11-12 Yrs,£16,276
13-14 Yrs,£16,276
15-16 Yrs,£18,276
17-18 Yrs,£18,276
3-4 Yrs,£5,277
4-5 Yrs,£5,277
5-6 Yrs,£5,277
6-7 Yrs,£6,277
7-8 Yrs,£6,277
8-9 Yrs,£6,277
9-10 Yrs,£6,277
10-11 Yrs,£6,277
11-12 Yrs,£6,277
12-13 Yrs,£7,277
13-14 Yrs,£7,277
14-15 Yrs,£8,277
15-16 Yrs,£8,277
3-4 Yrs,£5,278
4-5 Yrs,£5,278
5-6 Yrs,£5,278
6-7 Yrs,£6,278
7-8 Yrs,£6,278
8-9 Yrs,£6,278
9-10 Yrs,£6,278
10-11 Yrs,£7,278
11-12 Yrs,£7,278
12-13 Yrs,£7,278
13-14 Yrs,£7,278
14-15 Yrs,£8,278
15-16 Yrs,£8,278
3-4 Yrs,£5,279
4-5 Yrs,£5,279
5-6 Yrs,£5,279
6-7 Yrs,£6,279
7-8 Yrs,£6,279
8-9 Yrs,£6,279
9-10 Yrs,£6,279
10-11 Yrs,£7,279
11-12 Yrs,£7,279
12-13 Yrs,£7,279
13-14 Yrs,£7,279
14-15 Yrs,£8,279
15-16 Yrs,£8,279
3-4 Yrs,£4.50,280
4-5 Yrs,£4.50,280
5-6 Yrs,£4.50,280
6-7 Yrs,£4.50,280
7-8 Yrs,£4.50,280
8-9 Yrs,£4.50,280
9-10 Yrs,£4.50,280
10-11 Yrs,£4.50,280
11-12 Yrs,£4.50,280
12-13 Yrs,£4.50,280
13-14 Yrs,£4.50,280
14-15 Yrs,£4.50,280
15-16 Yrs,£4.50,280
16-17 Yrs,£4.50,280
17-18 Yrs,£4.50,280
5-6 Yrs,£6.50,281
6-7 Yrs,£6.50,281
7-8 Yrs,£6.50,281
8-9 Yrs,£6.50,281
9-10 Yrs,£6.50,281
10-11 Yrs,£6.50,281
11-12 Yrs,£6.50,281
12-13 Yrs,£6.50,281
13-14 Yrs,£6.50,281
14-15 Yrs,£6.50,281
15-16 Yrs,£6.50,281
16-17 Yrs,£6.50,281
17-18 Yrs,£6.50,281
3-4 Yrs,£4,282
4-5 Yrs,£4,282
5-6 Yrs,£4,282
6-7 Yrs,£5,282
7-8 Yrs,£5,282
8-9 Yrs,£5,282
9-10 Yrs,£5,282
10-11 Yrs,£6,282
11-12 Yrs,£6,282
12-13 Yrs,£6,282
13-14 Yrs,£6,282
14-15 Yrs,£7,282
15-16 Yrs,£7,282
3-4 Yrs,£4,283
4-5 Yrs,£4,283
5-6 Yrs,£4,283
6-7 Yrs,£5,283
7-8 Yrs,£5,283
8-9 Yrs,£5,283
9-10 Yrs,£5,283
10-11 Yrs,£6,283
11-12 Yrs,£6,283
12-13 Yrs,£6,283
13-14 Yrs,£6,283
14-15 Yrs,£7,283
15-16 Yrs,£7,283
1.5-2 Yrs,£5,284
2-3 Yrs,£5,284
3-4 Yrs,£5,284
4-5 Yrs,£5,284
5-6 Yrs,£5,284
6-7 Yrs,£5,284
3-4 Yrs,£5.50,285
4-5 Yrs,£5.50,285
5-6 Yrs,£5.50,285
6-7 Yrs,£5.50,285
7-8 Yrs,£5.50,285
8-9 Yrs,£5.50,285
9-10 Yrs,£5.50,285
10-11 Yrs,£6.50,285
11-12 Yrs,£6.50,285
12-13 Yrs,£6.50,285
13-14 Yrs,£6.50,285
14-15 Yrs,£6.50,285
15-16 Yrs,£7.50,285
16-17 Yrs,£7.50,285
17-18 Yrs,£7.50,285
3-4 Yrs,£5.50,286
4-5 Yrs,£5.50,286
5-6 Yrs,£5.50,286
6-7 Yrs,£5.50,286
7-8 Yrs,£5.50,286
8-9 Yrs,£5.50,286
9-10 Yrs,£5.50,286
10-11 Yrs,£5.50,286
11-12 Yrs,£5.50,286
12-13 Yrs,£5.50,286
13-14 Yrs,£5.50,286
14-15 Yrs,£5.50,286
15-16 Yrs,£5.50,286
16-17 Yrs,£5.50,286
17-18 Yrs,£5.50,286
3-4 Yrs,£17,287
4-5 Yrs,£17,287
5-6 Yrs,£17,287
6-7 Yrs,£17,287
7-8 Yrs,£17,287
8-9 Yrs,£17,287
9-10 Yrs,£17,287
10-11 Yrs,£17,287
11-12 Yrs,£17,287
12-13 Yrs,£17,287
13-14 Yrs,£17,287
14-15 Yrs,£19,287
15-16 Yrs,£19,287
2-3 Yrs,£16,288
3-4 Yrs,£16,288
4-5 Yrs,£16,288
5-6 Yrs,£16,288
6-7 Yrs,£16,288
7-8 Yrs,£16,288
8-9 Yrs,£16,288
9-10 Yrs,£16,288
10-11 Yrs,£16,288
11-12 Yrs,£16,288
12-13 Yrs,£16,288
13-14 Yrs,£16,288
14-15 Yrs,£16,288
15-16 Yrs,£16,288
3-4 Yrs,£5.50,289
4-5 Yrs,£5.50,289
5-6 Yrs,£5.50,289
6-7 Yrs,£5.50,289
7-8 Yrs,£5.50,289
8-9 Yrs,£5.50,289
9-10 Yrs,£5.50,289
10-11 Yrs,£5.50,289
11-12 Yrs,£5.50,289
12-13 Yrs,£5.50,289
13-14 Yrs,£5.50,289
14-15 Yrs,£5.50,289
15-16 Yrs,£5.50,289
16-17 Yrs,£5.50,289
17-18 Yrs,£5.50,289
XS,£9,290
S,£9,290
M,£9,290
L,£9,290
XL,£9,290
XXL,£9,290
XXXL,£9,290
UK4 EU21,£10,291
UK5 EU22,£10,291
UK6 EU23,£10,291
UK7 EU24,£10,291
UK8 EU26,£10,291
UK9 EU27,£10,291
UK10 EU28,£10,291
UK11 EU29,£10,291
UK12 EU31,£10,291
UK13 EU32,£10,291
UK1 EU33,£10,291
UK2 EU34,£10,291
UK3 EU36,£10,291
UK4 EU37,£10,291
UK5 EU38,£10,291
UK6 EU39,£10,291
5-6 Yrs,£5.50,292
6-7 Yrs,£5.50,292
7-8 Yrs,£5.50,292
8-9 Yrs,£5.50,292
9-10 Yrs,£5.50,292
10-11 Yrs,£5.50,292
11-12 Yrs,£5.50,292
12-13 Yrs,£5.50,292
13-14 Yrs,£5.50,292
14-15 Yrs,£5.50,292
15-16 Yrs,£5.50,292
16-17 Yrs,£5.50,292
17-18 Yrs,£5.50,292
4-5 Yrs,£8,293
5-6 Yrs,£8,293
6-7 Yrs,£8,293
7-8 Yrs,£8,293
8-9 Yrs,£8,293
9-10 Yrs,£8,293
10-11 Yrs,£8,293
11-12 Yrs,£8,293
12-13 Yrs,£8,293
13-14 Yrs,£8,293
14-15 Yrs,£8,293
15-16 Yrs,£8,293
2-3 Yrs,£8,294
3-4 Yrs,£8,294
4-5 Yrs,£8,294
5-6 Yrs,£8,294
6-7 Yrs,£8,294
7-8 Yrs,£8,294
8-9 Yrs,£8,294
9-10 Yrs,£8,294
10-11 Yrs,£8,294
11-12 Yrs,£8,294
12-13 Yrs,£8,294
13-14 Yrs,£8,294
14-15 Yrs,£8,294
15-16 Yrs,£8,294
4-5 Yrs,£8,295
5-6 Yrs,£8,295
6-7 Yrs,£8,295
7-8 Yrs,£8,295
8-9 Yrs,£8,295
9-10 Yrs,£8,295
10-11 Yrs,£8,295
11-12 Yrs,£8,295
12-13 Yrs,£8,295
13-14 Yrs,£8,295
14-15 Yrs,£8,295
15-16 Yrs,£8,295
3-4 Yrs,£5.50,296
4-5 Yrs,£5.50,296
5-6 Yrs,£5.50,296
6-7 Yrs,£5.50,296
7-8 Yrs,£5.50,296
8-9 Yrs,£5.50,296
9-10 Yrs,£5.50,296
10-11 Yrs,£5.50,296
11-12 Yrs,£5.50,296
12-13 Yrs,£5.50,296
13-14 Yrs,£5.50,296
14-15 Yrs,£5.50,296
15-16 Yrs,£5.50,296
16-17 Yrs,£5.50,296
17-18 Yrs,£5.50,296
UK4 EU21,£10,297
UK5 EU22,£10,297
UK6 EU23,£10,297
UK7 EU24,£10,297
UK8 EU26,£10,297
UK9 EU27,£10,297
UK10 EU28,£10,297
UK11 EU29,£10,297
UK12 EU31,£10,297
UK13 EU32,£10,297
UK1 EU33,£10,297
UK2 EU34,£10,297
UK3 EU36,£10,297
UK4 EU37,£10,297
UK5 EU38,£10,297
UK6 EU39,£10,297
UK4 EU21,£10,298
UK5 EU22,£10,298
UK6 EU23,£10,298
UK7 EU24,£10,298
UK8 EU26,£10,298
UK9 EU27,£10,298
UK10 EU28,£10,298
UK11 EU29,£10,298
UK12 EU31,£10,298
UK13 EU32,£10,298
UK1 EU33,£10,298
UK2 EU34,£10,298
UK3 EU36,£10,298
UK4 EU37,£10,298
UK5 EU38,£10,298
UK6 EU39,£10,298
UK4 EU21,£10,299
UK5 EU22,£10,299
UK6 EU23,£10,299
UK7 EU24,£10,299
UK8 EU26,£10,299
UK9 EU27,£10,299
UK10 EU28,£10,299
UK11 EU29,£10,299
UK12 EU31,£10,299
UK13 EU32,£10,299
UK1 EU33,£10,299
UK2 EU34,£10,299
UK3 EU36,£10,299
UK4 EU37,£10,299
UK5 EU38,£10,299
UK6 EU39,£10,299
1.5-2 Yrs,£4.50,300
2-3 Yrs,£4.50,300
3-4 Yrs,£4.50,300
4-5 Yrs,£4.50,300
5-6 Yrs,£4.50,300
6-7 Yrs,£4.50,300
7-8 Yrs,£4.50,300
8-9 Yrs,£4.50,300
9-10 Yrs,£4.50,300
10-11 Yrs,£4.50,300
11-12 Yrs,£4.50,300
12-13 Yrs,£4.50,300
13-14 Yrs,£4.50,300
14-15 Yrs,£4.50,300
15-16 Yrs,£4.50,300
2-3 Yrs,£8,301
3-4 Yrs,£8,301
4-5 Yrs,£8,301
5-6 Yrs,£8,301
6-7 Yrs,£8,301
7-8 Yrs,£8,301
8-9 Yrs,£8,301
9-10 Yrs,£8,301
10-11 Yrs,£8,301
11-12 Yrs,£8,301
12-13 Yrs,£8,301
13-14 Yrs,£8,301
14-15 Yrs,£8,301
15-16 Yrs,£8,301
XS,£19,302
S,£19,302
M,£19,302
L,£19,302
S,£14,303
M,£14,303
L,£14,303
XL,£14,303
XS,£19,304
S,£19,304
M,£19,304
L,£19,304
10-11 Yrs,£14,305
11-12 Yrs,£14,305
12-13 Yrs,£14,305
13-14 Yrs,£14,305
14-15 Yrs,£16,305
15-16 Yrs,£16,305
16-17 Yrs,£16,305
17-18 Yrs,£16,305
10-11 Yrs,£12,306
11-12 Yrs,£12,306
12-13 Yrs,£12,306
13-14 Yrs,£12,306
14-15 Yrs,£14,306
15-16 Yrs,£14,306
16-17 Yrs,£14,306
17-18 Yrs,£14,306
3-4 Yrs,£7,307
4-5 Yrs,£7,307
5-6 Yrs,£7,307
6-7 Yrs,£9,307
7-8 Yrs,£9,307
8-9 Yrs,£9,307
9-10 Yrs,£9,307
10-11 Yrs,£11,307
11-12 Yrs,£11,307
12-13 Yrs,£11,307
13-14 Yrs,£11,307
3-4 Yrs,£7,308
4-5 Yrs,£7,308
5-6 Yrs,£7,308
6-7 Yrs,£9,308
7-8 Yrs,£9,308
8-9 Yrs,£9,308
9-10 Yrs,£9,308
10-11 Yrs,£11,308
11-12 Yrs,£11,308
12-13 Yrs,£11,308
13-14 Yrs,£11,308
3-4 Yrs,£7,309
4-5 Yrs,£7,309
5-6 Yrs,£7,309
6-7 Yrs,£9,309
7-8 Yrs,£9,309
8-9 Yrs,£9,309
9-10 Yrs,£9,309
10-11 Yrs,£11,309
11-12 Yrs,£11,309
12-13 Yrs,£11,309
13-14 Yrs,£11,309
3-4 Yrs,£10,310
4-5 Yrs,£10,310
5-6 Yrs,£10,310
6-7 Yrs,£10,310
7-8 Yrs,£12,310
8-9 Yrs,£12,310
9-10 Yrs,£12,310
10-11 Yrs,£14,310
11-12 Yrs,£14,310
12-13 Yrs,£14,310
13-14 Yrs,£14,310
14-15 Yrs,£16,310
15-16 Yrs,£16,310
16-17 Yrs,£16,310
17-18 Yrs,£16,310
3-4 Yrs,£10,311
4-5 Yrs,£10,311
5-6 Yrs,£10,311
6-7 Yrs,£12,311
7-8 Yrs,£12,311
8-9 Yrs,£12,311
9-10 Yrs,£12,311
10-11 Yrs,£14,311
11-12 Yrs,£14,311
12-13 Yrs,£14,311
13-14 Yrs,£14,311
14-15 Yrs,£16,311
15-16 Yrs,£16,311
16-17 Yrs,£16,311
17-18 Yrs,£16,311
3-4 Yrs,£10,312
4-5 Yrs,£10,312
5-6 Yrs,£10,312
6-7 Yrs,£12,312
7-8 Yrs,£12,312
8-9 Yrs,£12,312
9-10 Yrs,£12,312
10-11 Yrs,£14,312
11-12 Yrs,£14,312
12-13 Yrs,£14,312
13-14 Yrs,£14,312
14-15 Yrs,£16,312
15-16 Yrs,£16,312
16-17 Yrs,£16,312
17-18 Yrs,£16,312
3-4 Yrs,£10,313
4-5 Yrs,£10,313
5-6 Yrs,£10,313
6-7 Yrs,£12,313
7-8 Yrs,£12,313
8-9 Yrs,£12,313
9-10 Yrs,£12,313
10-11 Yrs,£14,313
11-12 Yrs,£14,313
12-13 Yrs,£14,313
13-14 Yrs,£14,313
14-15 Yrs,£16,313
15-16 Yrs,£16,313
16-17 Yrs,£16,313
17-18 Yrs,£16,313
UK6-8.5 EU23-26.5,£2,314
UK9-12 EU27-30,£2,314
UK12.5-3 EU31-36,£2,314
UK4-6.5 EU37-40,£2,314
3-4 Yrs,£10,315
4-5 Yrs,£10,315
5-6 Yrs,£10,315
6-7 Yrs,£12,315
7-8 Yrs,£12,315
8-9 Yrs,£12,315
9-10 Yrs,£12,315
10-11 Yrs,£14,315
11-12 Yrs,£14,315
12-13 Yrs,£14,315
13-14 Yrs,£14,315
14-15 Yrs,£14,315
15-16 Yrs,£14,315
16-17 Yrs,£14,315
17-18 Yrs,£14,315
3-4 Yrs,£7,316
4-5 Yrs,£7,316
5-6 Yrs,£7,316
6-7 Yrs,£7,316
7-8 Yrs,£7,316
8-9 Yrs,£7,316
9-10 Yrs,£7,316
10-11 Yrs,£7,316
11-12 Yrs,£7,316
12-13 Yrs,£7,316
13-14 Yrs,£7,316
3-4 Yrs,£8,317
4-5 Yrs,£8,317
5-6 Yrs,£8,317
6-7 Yrs,£10,317
7-8 Yrs,£10,317
8-9 Yrs,£10,317
9-10 Yrs,£10,317
10-11 Yrs,£12,317
11-12 Yrs,£12,317
12-13 Yrs,£12,317
13-14 Yrs,£12,317
14-15 Yrs,£14,317
15-16 Yrs,£14,317
16-17 Yrs,£14,317
17-18 Yrs,£14,317
3-4 Yrs,£8,318
4-5 Yrs,£8,318
5-6 Yrs,£8,318
6-7 Yrs,£8,318
7-8 Yrs,£8,318
8-9 Yrs,£8,318
9-10 Yrs,£8,318
10-11 Yrs,£8,318
11-12 Yrs,£8,318
12-13 Yrs,£12,318
13-14 Yrs,£12,318
14-15 Yrs,£12,318
15-16 Yrs,£12,318
16-17 Yrs,£12,318
17-18 Yrs,£12,318
3-4 Yrs,£8,319
4-5 Yrs,£8,319
5-6 Yrs,£8,319
6-7 Yrs,£10,319
7-8 Yrs,£10,319
8-9 Yrs,£10,319
9-10 Yrs,£10,319
10-11 Yrs,£12,319
11-12 Yrs,£12,319
12-13 Yrs,£12,319
13-14 Yrs,£12,319
14-15 Yrs,£14,319
15-16 Yrs,£14,319
16-17 Yrs,£14,319
17-18 Yrs,£14,319
3-4 Yrs,£8,320
4-5 Yrs,£8,320
5-6 Yrs,£8,320
6-7 Yrs,£10,320
7-8 Yrs,£10,320
8-9 Yrs,£10,320
9-10 Yrs,£10,320
10-11 Yrs,£12,320
11-12 Yrs,£12,320
12-13 Yrs,£12,320
13-14 Yrs,£12,320
14-15 Yrs,£12,320
15-16 Yrs,£12,320
16-17 Yrs,£12,320
17-18 Yrs,£12,320
3-4 Yrs,£7,321
4-5 Yrs,£7,321
5-6 Yrs,£7,321
6-7 Yrs,£7,321
7-8 Yrs,£7,321
8-9 Yrs,£7,321
9-10 Yrs,£7,321
10-11 Yrs,£7,321
11-12 Yrs,£7,321
12-13 Yrs,£7,321
13-14 Yrs,£7,321
3-4 Yrs,£5,322
4-5 Yrs,£5,322
5-6 Yrs,£5,322
6-7 Yrs,£6,322
7-8 Yrs,£6,322
8-9 Yrs,£6,322
9-10 Yrs,£6,322
10-11 Yrs,£7,322
11-12 Yrs,£7,322
12-13 Yrs,£7,322
13-14 Yrs,£7,322
3-4 Yrs,£7,323
4-5 Yrs,£7,323
5-6 Yrs,£7,323
6-7 Yrs,£9,323
7-8 Yrs,£9,323
8-9 Yrs,£9,323
9-10 Yrs,£9,323
10-11 Yrs,£11,323
11-12 Yrs,£11,323
12-13 Yrs,£11,323
13-14 Yrs,£11,323
3-4 Yrs,£7,324
4-5 Yrs,£7,324
5-6 Yrs,£7,324
6-7 Yrs,£9,324
7-8 Yrs,£9,324
8-9 Yrs,£9,324
9-10 Yrs,£9,324
10-11 Yrs,£11,324
11-12 Yrs,£11,324
12-13 Yrs,£11,324
13-14 Yrs,£11,324
3-4 Yrs,£7,325
4-5 Yrs,£7,325
5-6 Yrs,£7,325
6-7 Yrs,£9,325
7-8 Yrs,£9,325
8-9 Yrs,£9,325
9-10 Yrs,£9,325
10-11 Yrs,£11,325
11-12 Yrs,£11,325
12-13 Yrs,£11,325
13-14 Yrs,£11,325
3-4 Yrs,£30,326
4-5 Yrs,£30,326
5-6 Yrs,£30,326
6-7 Yrs,£30,326
7-8 Yrs,£30,326
8-9 Yrs,£30,326
9-10 Yrs,£30,326
10-11 Yrs,£30,326
11-12 Yrs,£30,326
12-13 Yrs,£30,326
13-14 Yrs,£30,326
14-15 Yrs,£35,326
15-16 Yrs,£35,326
16-17 Yrs,£35,326
17-18 Yrs,£35,326
3-4 Yrs,£20,327
4-5 Yrs,£20,327
5-6 Yrs,£20,327
6-7 Yrs,£25,327
7-8 Yrs,£25,327
8-9 Yrs,£25,327
9-10 Yrs,£25,327
10-11 Yrs,£30,327
11-12 Yrs,£30,327
12-13 Yrs,£30,327
13-14 Yrs,£30,327
14-15 Yrs,£30,327
15-16 Yrs,£30,327
16-17 Yrs,£30,327
17-18 Yrs,£30,327
3-4 Yrs,£17.50,328
4-5 Yrs,£17.50,328
5-6 Yrs,£17.50,328
6-7 Yrs,£22.50,328
7-8 Yrs,£22.50,328
8-9 Yrs,£22.50,328
9-10 Yrs,£22.50,328
10-11 Yrs,£27.50,328
11-12 Yrs,£27.50,328
12-13 Yrs,£27.50,328
13-14 Yrs,£27.50,328
3-4 Yrs,£17.50,329
4-5 Yrs,£17.50,329
5-6 Yrs,£17.50,329
6-7 Yrs,£22.50,329
7-8 Yrs,£22.50,329
8-9 Yrs,£22.50,329
9-10 Yrs,£22.50,329
10-11 Yrs,£27.50,329
11-12 Yrs,£27.50,329
12-13 Yrs,£27.50,329
13-14 Yrs,£27.50,329
3-4 Yrs,£8,330
4-5 Yrs,£8,330
5-6 Yrs,£8,330
6-7 Yrs,£10,330
7-8 Yrs,£10,330
8-9 Yrs,£10,330
9-10 Yrs,£10,330
10-11 Yrs,£12,330
11-12 Yrs,£12,330
12-13 Yrs,£12,330
13-14 Yrs,£12,330
14-15 Yrs,£14,330
15-16 Yrs,£14,330
16-17 Yrs,£14,330
17-18 Yrs,£14,330
3-4 Yrs,£8,331
4-5 Yrs,£8,331
5-6 Yrs,£8,331
6-7 Yrs,£10,331
7-8 Yrs,£10,331
8-9 Yrs,£10,331
9-10 Yrs,£10,331
10-11 Yrs,£12,331
11-12 Yrs,£12,331
12-13 Yrs,£12,331
13-14 Yrs,£12,331
14-15 Yrs,£14,331
15-16 Yrs,£14,331
16-17 Yrs,£14,331
17-18 Yrs,£14,331
3-4 Yrs,£8,332
4-5 Yrs,£8,332
5-6 Yrs,£8,332
6-7 Yrs,£10,332
7-8 Yrs,£10,332
8-9 Yrs,£10,332
9-10 Yrs,£10,332
10-11 Yrs,£12,332
11-12 Yrs,£12,332
12-13 Yrs,£12,332
13-14 Yrs,£12,332
14-15 Yrs,£14,332
15-16 Yrs,£14,332
16-17 Yrs,£14,332
17-18 Yrs,£14,332
3-4 Yrs,£8,333
4-5 Yrs,£8,333
5-6 Yrs,£8,333
6-7 Yrs,£10,333
7-8 Yrs,£10,333
8-9 Yrs,£10,333
9-10 Yrs,£10,333
10-11 Yrs,£12,333
11-12 Yrs,£12,333
12-13 Yrs,£12,333
13-14 Yrs,£12,333
14-15 Yrs,£12,333
15-16 Yrs,£12,333
16-17 Yrs,£12,333
17-18 Yrs,£12,333
3-4 Yrs,£8,334
4-5 Yrs,£8,334
5-6 Yrs,£8,334
6-7 Yrs,£10,334
7-8 Yrs,£10,334
8-9 Yrs,£10,334
9-10 Yrs,£10,334
10-11 Yrs,£12,334
11-12 Yrs,£12,334
12-13 Yrs,£12,334
13-14 Yrs,£12,334
14-15 Yrs,£12,334
15-16 Yrs,£12,334
16-17 Yrs,£12,334
17-18 Yrs,£12,334
3-4 Yrs,£8,335
4-5 Yrs,£8,335
5-6 Yrs,£8,335
6-7 Yrs,£10,335
7-8 Yrs,£10,335
8-9 Yrs,£10,335
9-10 Yrs,£10,335
10-11 Yrs,£12,335
11-12 Yrs,£12,335
12-13 Yrs,£12,335
13-14 Yrs,£12,335
14-15 Yrs,£12,335
15-16 Yrs,£12,335
16-17 Yrs,£12,335
17-18 Yrs,£12,335
3-4 Yrs,£8,336
4-5 Yrs,£8,336
5-6 Yrs,£8,336
6-7 Yrs,£10,336
7-8 Yrs,£10,336
8-9 Yrs,£10,336
9-10 Yrs,£10,336
10-11 Yrs,£12,336
11-12 Yrs,£12,336
12-13 Yrs,£12,336
13-14 Yrs,£12,336
14-15 Yrs,£12,336
15-16 Yrs,£12,336
16-17 Yrs,£12,336
17-18 Yrs,£12,336
3-4 Yrs,£8,337
4-5 Yrs,£8,337
5-6 Yrs,£8,337
6-7 Yrs,£10,337
7-8 Yrs,£10,337
8-9 Yrs,£10,337
9-10 Yrs,£10,337
10-11 Yrs,£12,337
11-12 Yrs,£12,337
12-13 Yrs,£12,337
13-14 Yrs,£12,337
14-15 Yrs,£12,337
15-16 Yrs,£12,337
16-17 Yrs,£12,337
17-18 Yrs,£12,337
3-4 Yrs,£7,338
4-5 Yrs,£7,338
5-6 Yrs,£7,338
6-7 Yrs,£9,338
7-8 Yrs,£9,338
8-9 Yrs,£9,338
9-10 Yrs,£9,338
10-11 Yrs,£11,338
11-12 Yrs,£11,338
12-13 Yrs,£11,338
13-14 Yrs,£11,338
3-4 Yrs,£7,339
4-5 Yrs,£7,339
5-6 Yrs,£7,339
6-7 Yrs,£9,339
7-8 Yrs,£9,339
8-9 Yrs,£9,339
9-10 Yrs,£9,339
10-11 Yrs,£11,339
11-12 Yrs,£11,339
12-13 Yrs,£11,339
13-14 Yrs,£11,339
3-4 Yrs,£7,340
4-5 Yrs,£7,340
5-6 Yrs,£7,340
6-7 Yrs,£9,340
7-8 Yrs,£9,340
8-9 Yrs,£9,340
9-10 Yrs,£9,340
10-11 Yrs,£11,340
11-12 Yrs,£11,340
12-13 Yrs,£11,340
13-14 Yrs,£11,340
3-4 Yrs,£5,341
4-5 Yrs,£5,341
5-6 Yrs,£5,341
6-7 Yrs,£5,341
7-8 Yrs,£5,341
8-9 Yrs,£5,341
9-10 Yrs,£5,341
10-11 Yrs,£5,341
11-12 Yrs,£5,341
12-13 Yrs,£5,341
13-14 Yrs,£5,341
14-15 Yrs,£5,341
15-16 Yrs,£5,341
3-4 Yrs,£8,342
4-5 Yrs,£8,342
5-6 Yrs,£8,342
6-7 Yrs,£10,342
7-8 Yrs,£10,342
8-9 Yrs,£10,342
9-10 Yrs,£10,342
10-11 Yrs,£12,342
11-12 Yrs,£12,342
12-13 Yrs,£12,342
13-14 Yrs,£12,342
14-15 Yrs,£14,342
15-16 Yrs,£14,342
16-17 Yrs,£14,342
17-18 Yrs,£14,342
3-4 Yrs,£8,343
4-5 Yrs,£8,343
5-6 Yrs,£8,343
6-7 Yrs,£10,343
7-8 Yrs,£10,343
8-9 Yrs,£10,343
9-10 Yrs,£10,343
10-11 Yrs,£12,343
11-12 Yrs,£12,343
12-13 Yrs,£12,343
13-14 Yrs,£12,343
14-15 Yrs,£14,343
15-16 Yrs,£14,343
16-17 Yrs,£14,343
17-18 Yrs,£14,343
3-4 Yrs,£8,344
4-5 Yrs,£8,344
5-6 Yrs,£8,344
6-7 Yrs,£10,344
7-8 Yrs,£10,344
8-9 Yrs,£10,344
9-10 Yrs,£10,344
10-11 Yrs,£12,344
11-12 Yrs,£12,344
12-13 Yrs,£12,344
13-14 Yrs,£12,344
14-15 Yrs,£14,344
15-16 Yrs,£14,344
16-17 Yrs,£14,344
17-18 Yrs,£14,344
3-4 Yrs,£8,345
4-5 Yrs,£8,345
5-6 Yrs,£8,345
6-7 Yrs,£10,345
7-8 Yrs,£10,345
8-9 Yrs,£10,345
9-10 Yrs,£10,345
10-11 Yrs,£12,345
11-12 Yrs,£12,345
12-13 Yrs,£12,345
13-14 Yrs,£12,345
14-15 Yrs,£14,345
15-16 Yrs,£14,345
16-17 Yrs,£14,345
17-18 Yrs,£14,345
3-4 Yrs,£8,346
4-5 Yrs,£8,346
5-6 Yrs,£8,346
6-7 Yrs,£10,346
7-8 Yrs,£10,346
8-9 Yrs,£10,346
9-10 Yrs,£10,346
10-11 Yrs,£12,346
11-12 Yrs,£12,346
12-13 Yrs,£12,346
13-14 Yrs,£12,346
14-15 Yrs,£14,346
15-16 Yrs,£14,346
16-17 Yrs,£14,346
17-18 Yrs,£14,346
3-4 Yrs,£8,347
4-5 Yrs,£8,347
5-6 Yrs,£8,347
6-7 Yrs,£10,347
7-8 Yrs,£10,347
8-9 Yrs,£10,347
9-10 Yrs,£10,347
10-11 Yrs,£12,347
11-12 Yrs,£12,347
12-13 Yrs,£12,347
13-14 Yrs,£12,347
14-15 Yrs,£12,347
15-16 Yrs,£12,347
16-17 Yrs,£12,347
17-18 Yrs,£12,347
3-4 Yrs,£8,348
4-5 Yrs,£8,348
5-6 Yrs,£8,348
6-7 Yrs,£8,348
7-8 Yrs,£10,348
8-9 Yrs,£10,348
9-10 Yrs,£10,348
10-11 Yrs,£12,348
11-12 Yrs,£12,348
12-13 Yrs,£12,348
13-14 Yrs,£12,348
14-15 Yrs,£12,348
15-16 Yrs,£12,348
16-17 Yrs,£12,348
17-18 Yrs,£12,348
3-4 Yrs,£8,349
4-5 Yrs,£8,349
5-6 Yrs,£8,349
6-7 Yrs,£10,349
7-8 Yrs,£10,349
8-9 Yrs,£10,349
9-10 Yrs,£10,349
10-11 Yrs,£12,349
11-12 Yrs,£12,349
12-13 Yrs,£12,349
13-14 Yrs,£12,349
14-15 Yrs,£12,349
15-16 Yrs,£12,349
16-17 Yrs,£12,349
17-18 Yrs,£12,349
2-3 Yrs,£8,350
3-4 Yrs,£8,350
4-5 Yrs,£8,350
5-6 Yrs,£8,350
6-7 Yrs,£8,350
7-8 Yrs,£8,350
8-9 Yrs,£8,350
9-10 Yrs,£8,350
10-11 Yrs,£8,350
11-12 Yrs,£8,350
12-13 Yrs,£8,350
13-14 Yrs,£8,350
14-15 Yrs,£8,350
1.5-2 Yrs,£4.50,351
2-3 Yrs,£4.50,351
3-4 Yrs,£4.50,351
4-5 Yrs,£4.50,351
5-6 Yrs,£4.50,351
6-7 Yrs,£4.50,351
7-8 Yrs,£4.50,351
8-9 Yrs,£4.50,351
9-10 Yrs,£4.50,351
10-11 Yrs,£4.50,351
11-12 Yrs,£4.50,351
13-14 Yrs,£4.50,351
UK6-8.5 EU23-26.5,£2,352
UK9-12 EU27-30,£2,352
UK12.5-3 EU31-36,£2,352
UK4-6.5 EU37-40,£2,352
UK7-10 EU41-44,£2,352
2-3 Yrs,£8,353
3-4 Yrs,£8,353
4-5 Yrs,£8,353
5-6 Yrs,£8,353
6-7 Yrs,£10,353
7-8 Yrs,£10,353
8-9 Yrs,£10,353
9-10 Yrs,£10,353
10-11 Yrs,£12,353
11-12 Yrs,£12,353
12-13 Yrs,£12,353
13-14 Yrs,£12,353
14-15 Yrs,£12,353
15-16 Yrs,£14,353
3-4 Yrs,£2.50,354
4-5 Yrs,£2.50,354
5-6 Yrs,£2.50,354
6-7 Yrs,£3.50,354
7-8 Yrs,£3.50,354
8-9 Yrs,£3.50,354
9-10 Yrs,£3.50,354
10-11 Yrs,£4.50,354
11-12 Yrs,£4.50,354
12-13 Yrs,£4.50,354
13-14 Yrs,£4.50,354
14-15 Yrs,£5.50,354
15-16 Yrs,£5.50,354
3-4 Yrs,£2,355
4-5 Yrs,£2,355
5-6 Yrs,£2,355
6-7 Yrs,£3,355
7-8 Yrs,£3,355
8-9 Yrs,£3,355
9-10 Yrs,£3,355
10-11 Yrs,£4,355
11-12 Yrs,£4,355
12-13 Yrs,£4,355
13-14 Yrs,£4,355
14-15 Yrs,£4,355
15-16 Yrs,£4,355
3-4 Yrs,£2,356
4-5 Yrs,£2,356
5-6 Yrs,£2,356
6-7 Yrs,£3,356
7-8 Yrs,£3,356
8-9 Yrs,£3,356
9-10 Yrs,£3,356
10-11 Yrs,£3,356
11-12 Yrs,£4,356
12-13 Yrs,£4,356
13-14 Yrs,£4,356
14-15 Yrs,£4,356
15-16 Yrs,£4,356
3-4 Yrs,£3,357
4-5 Yrs,£3,357
5-6 Yrs,£3,357
6-7 Yrs,£3,357
7-8 Yrs,£3,357
8-9 Yrs,£3,357
9-10 Yrs,£3,357
10-11 Yrs,£3,357
11-12 Yrs,£3,357
12-13 Yrs,£3,357
13-14 Yrs,£3,357
14-15 Yrs,£3,357
15-16 Yrs,£3,357
3-4 Yrs,£2,358
4-5 Yrs,£2,358
5-6 Yrs,£2,358
6-7 Yrs,£3,358
7-8 Yrs,£3,358
8-9 Yrs,£3,358
9-10 Yrs,£3,358
10-11 Yrs,£3,358
11-12 Yrs,£3,358
12-13 Yrs,£4,358
13-14 Yrs,£4,358
14-15 Yrs,£4,358
15-16 Yrs,£4,358
3-4 Yrs,£2,359
4-5 Yrs,£2,359
5-6 Yrs,£2,359
6-7 Yrs,£3,359
7-8 Yrs,£3,359
8-9 Yrs,£3,359
9-10 Yrs,£3,359
10-11 Yrs,£4,359
11-12 Yrs,£4,359
12-13 Yrs,£4,359
13-14 Yrs,£4,359
14-15 Yrs,£4,359
15-16 Yrs,£4,359
3-4 Yrs,£12,360
4-5 Yrs,£12,360
5-6 Yrs,£12,360
6-7 Yrs,£12,360
7-8 Yrs,£12,360
8-9 Yrs,£12,360
9-10 Yrs,£12,360
10-11 Yrs,£12,360
11-12 Yrs,£12,360
12-13 Yrs,£12,360
13-14 Yrs,£12,360
14-15 Yrs,£12,360
15-16 Yrs,£12,360
1.5-2 Yrs,£3,361
2-3 Yrs,£3,361
3-4 Yrs,£3,361
4-5 Yrs,£3,361
5-6 Yrs,£3,361
6-7 Yrs,£3,361
7-8 Yrs,£3,361
8-9 Yrs,£3,361
9-10 Yrs,£3,361
3-4 Yrs,£10,362
4-5 Yrs,£10,362
5-6 Yrs,£10,362
6-7 Yrs,£10,362
7-8 Yrs,£10,362
8-9 Yrs,£10,362
9-10 Yrs,£10,362
10-11 Yrs,£10,362
11-12 Yrs,£10,362
12-13 Yrs,£10,362
13-14 Yrs,£10,362
3-4 Yrs,£6,363
4-5 Yrs,£6,363
5-6 Yrs,£6,363
6-7 Yrs,£6,363
7-8 Yrs,£6,363
8-9 Yrs,£6,363
9-10 Yrs,£6,363
10-11 Yrs,£6,363
11-12 Yrs,£6,363
12-13 Yrs,£10,363
13-14 Yrs,£10,363
3-4 Yrs,£5,364
4-5 Yrs,£5,364
5-6 Yrs,£5,364
6-7 Yrs,£7,364
7-8 Yrs,£7,364
8-9 Yrs,£7,364
9-10 Yrs,£7,364
10-11 Yrs,£7,364
11-12 Yrs,£7,364
12-13 Yrs,£7,364
13-14 Yrs,£7,364
3-4 Yrs,£5,365
4-5 Yrs,£5,365
5-6 Yrs,£5,365
6-7 Yrs,£7,365
7-8 Yrs,£7,365
8-9 Yrs,£7,365
9-10 Yrs,£7,365
10-11 Yrs,£7,365
11-12 Yrs,£7,365
12-13 Yrs,£7,365
13-14 Yrs,£7,365
3-4 Yrs,£7,366
4-5 Yrs,£7,366
5-6 Yrs,£7,366
6-7 Yrs,£7,366
7-8 Yrs,£7,366
8-9 Yrs,£7,366
9-10 Yrs,£7,366
10-11 Yrs,£9,366
11-12 Yrs,£9,366
12-13 Yrs,£9,366
13-14 Yrs,£9,366
3-4 Yrs,£10,367
4-5 Yrs,£10,367
5-6 Yrs,£10,367
6-7 Yrs,£10,367
7-8 Yrs,£10,367
8-9 Yrs,£10,367
9-10 Yrs,£10,367
10-11 Yrs,£10,367
11-12 Yrs,£10,367
12-13 Yrs,£10,367
13-14 Yrs,£10,367
3-4 Yrs,£10,368
4-5 Yrs,£10,368
5-6 Yrs,£10,368
6-7 Yrs,£10,368
7-8 Yrs,£10,368
8-9 Yrs,£10,368
9-10 Yrs,£10,368
10-11 Yrs,£10,368
11-12 Yrs,£10,368
12-13 Yrs,£10,368
13-14 Yrs,£10,368
3-4 Yrs,£6,369
4-5 Yrs,£6,369
5-6 Yrs,£6,369
6-7 Yrs,£6,369
7-8 Yrs,£6,369
8-9 Yrs,£6,369
9-10 Yrs,£6,369
10-11 Yrs,£10,369
11-12 Yrs,£10,369
12-13 Yrs,£10,369
13-14 Yrs,£10,369
3-4 Yrs,£10,370
4-5 Yrs,£10,370
5-6 Yrs,£10,370
6-7 Yrs,£10,370
7-8 Yrs,£10,370
8-9 Yrs,£10,370
9-10 Yrs,£10,370
10-11 Yrs,£10,370
11-12 Yrs,£10,370
12-13 Yrs,£10,370
13-14 Yrs,£10,370
3-4 Yrs,£8,371
4-5 Yrs,£8,371
5-6 Yrs,£8,371
6-7 Yrs,£8,371
7-8 Yrs,£8,371
8-9 Yrs,£8,371
9-10 Yrs,£8,371
10-11 Yrs,£8,371
11-12 Yrs,£8,371
12-13 Yrs,£8,371
13-14 Yrs,£8,371
3-4 Yrs,£4,372
4-5 Yrs,£4,372
5-6 Yrs,£4,372
6-7 Yrs,£5,372
7-8 Yrs,£5,372
8-9 Yrs,£5,372
9-10 Yrs,£5,372
10-11 Yrs,£6,372
11-12 Yrs,£6,372
12-13 Yrs,£6,372
13-14 Yrs,£6,372
3-4 Yrs,£4,373
4-5 Yrs,£4,373
5-6 Yrs,£4,373
6-7 Yrs,£5,373
7-8 Yrs,£5,373
8-9 Yrs,£5,373
9-10 Yrs,£5,373
10-11 Yrs,£6,373
11-12 Yrs,£6,373
12-13 Yrs,£6,373
13-14 Yrs,£6,373
3-4 Yrs,£10,374
4-5 Yrs,£10,374
9-10 Yrs,£10,374
10-11 Yrs,£10,374
3-4 Yrs,£10,375
4-5 Yrs,£10,375
5-6 Yrs,£10,375
6-7 Yrs,£12,375
7-8 Yrs,£12,375
8-9 Yrs,£12,375
9-10 Yrs,£12,375
10-11 Yrs,£14,375
11-12 Yrs,£14,375
12-13 Yrs,£14,375
13-14 Yrs,£14,375
14-15 Yrs,£16,375
15-16 Yrs,£16,375
16-17 Yrs,£16,375
17-18 Yrs,£16,375
3-4 Yrs,£10,376
4-5 Yrs,£10,376
5-6 Yrs,£10,376
6-7 Yrs,£12,376
7-8 Yrs,£12,376
8-9 Yrs,£12,376
9-10 Yrs,£12,376
10-11 Yrs,£14,376
11-12 Yrs,£14,376
12-13 Yrs,£14,376
13-14 Yrs,£14,376
14-15 Yrs,£16,376
15-16 Yrs,£16,376
16-17 Yrs,£16,376
17-18 Yrs,£16,376
3-4 Yrs,£9,377
4-5 Yrs,£9,377
5-6 Yrs,£9,377
6-7 Yrs,£9,377
7-8 Yrs,£9,377
8-9 Yrs,£9,377
9-10 Yrs,£9,377
10-11 Yrs,£9,377
11-12 Yrs,£9,377
12-13 Yrs,£9,377
13-14 Yrs,£9,377
3-4 Yrs,£7,378
4-5 Yrs,£7,378
5-6 Yrs,£7,378
6-7 Yrs,£7,378
7-8 Yrs,£7,378
8-9 Yrs,£7,378
9-10 Yrs,£7,378
3-4 Yrs,£4,379
4-5 Yrs,£4,379
5-6 Yrs,£4,379
6-7 Yrs,£5,379
7-8 Yrs,£5,379
8-9 Yrs,£5,379
9-10 Yrs,£5,379
10-11 Yrs,£6,379
11-12 Yrs,£6,379
12-13 Yrs,£6,379
13-14 Yrs,£6,379
3-4 Yrs,£4,380
4-5 Yrs,£4,380
5-6 Yrs,£4,380
6-7 Yrs,£5,380
7-8 Yrs,£5,380
8-9 Yrs,£5,380
9-10 Yrs,£5,380
10-11 Yrs,£6,380
11-12 Yrs,£6,380
12-13 Yrs,£6,380
13-14 Yrs,£6,380
